drug,indication,label_nct,label_has_results,label_n_outcomes,search_found,independent,independent_with_results,independent_usable,independent_with_stats,usable_ncts,search_how,error
Copanlisib,"Lymphoma, Non-Hodgkin",NCT02626455,True,19,12,8,8,1,1,NCT02367040,필터+구조화,
losartan,Covid19,NCT04606563,False,0,4,4,4,3,0,NCT04340557;NCT04311177;NCT04312009,필터+구조화,
metformin,Melanoma,NCT02190838,False,0,1,1,1,1,0,NCT02431676,필터+구조화,
Pioglitazone,Alzheimer's Disease,NCT01931566,True,4,2,1,1,0,0,,필터+구조화,
pioglitazone,Alzheimer Disease,NCT01931566,True,4,2,1,1,0,0,,필터+구조화,
camostat,Covid19,NCT04625114,True,3,12,8,8,7,3,NCT04455815;NCT04374019;NCT04662086;NCT04353284;NCT04524663;NCT04662073;NCT04470544,필터+구조화,
Chloroquine,HIV Infections,NCT00308620,True,2,5,4,4,4,2,NCT01650558;NCT00819390;NCT02079077;NCT00972725,필터+구조화,
minocycline,Stroke,NCT00930020,False,0,5,5,5,4,0,NCT06107725;NCT00836355;NCT01805895;NCT03320018,필터+구조화,
azithromycin,Asthma,NCT04669288,True,4,9,8,8,7,3,NCT02003911;NCT00266851;NCT02517099;NCT06272370;NCT03736629;NCT01272635;NCT00760838,필터+구조화,
metformin,Breast Neoplasms,NCT02472353,True,1,15,8,8,5,3,NCT02360059;NCT02431676;NCT01101438;NCT01302379;NCT01905046,필터+구조화,
ibrutinib,"Lymphoma, Non-Hodgkin",NCT02703272,True,30,20,8,8,0,0,,필터+구조화,
baclofen,Pain,NCT03720717,True,1,5,4,4,3,1,NCT00516503;NCT04251819;NCT03068897,필터+구조화,
metformin,Breast Cancer,NCT02472353,True,1,15,8,8,5,3,NCT02360059;NCT02431676;NCT01101438;NCT01302379;NCT01905046,필터+구조화,
apixaban,Stroke,NCT03192215,True,6,14,8,8,4,2,NCT02889562;NCT00412984;NCT02283294;NCT01924065,필터+구조화,
