disease,variant,drug,drug_key,label,evidence_level,gen_confidence,mechanism,rationale
Atopic Dermatitis,strict,dupilumab,dupilumab,승인,clinical,high,IL-4/IL-13 signaling을 차단해 Th2 염증과 피부 장벽 이상을 줄인다.,중등도-중증 atopic dermatitis에서 다수의 무작위 임상시험으로 유효성이 입증되어 표준치료로 승인된 약물이다.
Atopic Dermatitis,strict,tralokinumab,tralokinumab,미지,clinical,high,"IL-13을 중화해 Th2 매개 염증과 가려움, 피부염을 완화한다.",atopic dermatitis에서 ECZTRA 1/2/3 등 임상시험으로 유효성이 확인되어 승인된 약물이다.
Atopic Dermatitis,strict,baricitinib,baricitinib,승인,clinical,high,JAK1/2 억제를 통해 여러 염증성 사이토카인 신호를 낮춘다.,atopic dermatitis에서 BREEZE-AD 임상시험들로 유효성이 확인되어 승인된 약물이다.
Atopic Dermatitis,strict,upadacitinib,upadacitinib,승인,clinical,high,선택적 JAK1 억제로 Th2 및 기타 염증성 사이토카인 신호를 억제한다.,atopic dermatitis에서 Measure Up 및 AD Up 임상시험으로 유효성이 확인되어 승인된 약물이다.
Atopic Dermatitis,strict,abrocitinib,abrocitinib,승인,clinical,high,JAK1 억제를 통해 염증성 사이토카인 신호와 소양감을 감소시킨다.,atopic dermatitis에서 JADE 임상시험들로 유효성이 확인되어 승인된 약물이다.
Atopic Dermatitis,strict,crisaborole,crisaborole,승인,clinical,high,PDE4 억제로 cAMP를 증가시켜 염증성 cytokine 생성을 줄인다.,경증-중등도 atopic dermatitis에서 AD-301/AD-302 임상시험으로 유효성이 확인되어 승인된 약물이다.
Atopic Dermatitis,strict,ruxolitinib,ruxolitinib,미지,clinical,high,JAK1/2 억제로 염증성 신호전달을 차단한다.,국소 제제로 atopic dermatitis에서 TRuE-AD 임상시험으로 유효성이 확인되어 승인된 약물이다.
Atopic Dermatitis,strict,cyclosporine,cyclosporine,미지,clinical,high,calcineurin 억제를 통해 T세포 활성화와 IL-2 생성을 억제한다.,"중증 atopic dermatitis에서 오래전부터 임상적으로 사용되어 온 면역억제제로, 여러 비교시험과 관찰연구에서 효과가 보고되었다."
Atopic Dermatitis,strict,methotrexate,methotrexate,미지,clinical,medium,항염증성 adenosine 증가와 면역세포 증식을 억제해 염증을 낮춘다.,atopic dermatitis에서 소규모 무작위시험과 비교연구에서 효과가 보고된 재창출 후보이다.
Atopic Dermatitis,strict,azathioprine,azathioprine,미지,clinical,medium,purine 합성을 억제해 림프구 증식을 감소시킨다.,atopic dermatitis에서 임상시험과 장기 관찰연구에서 증상 개선이 보고된 재창출 후보이다.
Atopic Dermatitis,strict,mycophenolate mofetil,mycophenolatemofetil,미지,clinical,medium,inosine monophosphate dehydrogenase 억제로 T/B 림프구 증식을 억제한다.,난치성 atopic dermatitis에서 소규모 임상연구와 증례군 보고가 있는 재창출 후보이다.
Atopic Dermatitis,strict,omalizumab,omalizumab,미지,clinical,low,IgE를 중화해 알레르기성 염증과 비만세포 활성화를 줄인다.,atopic dermatitis에서 여러 소규모 임상연구와 증례보고가 있으나 결과가 일관되지 않은 재창출 후보이다.
Atopic Dermatitis,strict,leflunomide,leflunomide,미지,clinical,low,pyrimidine 합성을 억제해 T세포 증식을 감소시킨다.,난치성 atopic dermatitis에서 제한된 증례보고와 소규모 임상경험이 알려진 재창출 후보이다.
Atopic Dermatitis,strict,dapsone,dapsone,미지,clinical,low,호중구 및 염증성 산화반응을 억제해 피부 염증을 완화한다.,atopic dermatitis에서 일부 소규모 임상보고가 있으나 근거는 제한적인 재창출 후보이다.
Atopic Dermatitis,strict,naltrexone,naltrexone,중단,clinical,low,opioid receptor 길항을 통해 소양감과 신경면역성 염증을 조절할 수 있다.,atopic dermatitis 및 만성 소양증에서 저용량 사용을 포함한 증례보고와 소규모 연구가 있는 재창출 후보이다.
Atopic Dermatitis,strict,apremilast,apremilast,미지,preclinical,low,PDE4 억제로 염증성 cytokine 생성을 감소시킨다.,atopic dermatitis에서 전임상 및 제한된 초기 임상 근거가 보고된 재창출 후보이다.
Atopic Dermatitis,strict,tofacitinib,tofacitinib,미지,preclinical,low,JAK 억제를 통해 Th2 관련 염증 신호를 차단한다.,atopic dermatitis에서 국소 및 전신 전임상 연구와 초기 임상 보고가 있으나 승인 적응증은 아니다.
Atopic Dermatitis,strict,sirolimus,sirolimus,미지,preclinical,low,mTOR 억제로 T세포 활성화와 증식을 억제한다.,atopic dermatitis에서 면역조절 효과를 시사하는 전임상 및 제한적 임상 보고가 있는 재창출 후보이다.
Atopic Dermatitis,strict,clofazimine,clofazimine,미지,preclinical,low,염증성 세포 활성과 사이토카인 생성을 억제할 수 있다.,atopic dermatitis 모델에서 항염 효과가 보고된 전임상 재창출 후보이다.
Atopic Dermatitis,strict,minocycline,minocycline,미지,preclinical,low,항염증 작용과 미세아교세포/면역세포 활성 억제를 통해 피부 염증을 줄일 수 있다.,atopic dermatitis 전임상 모델에서 염증 완화가 보고된 재창출 후보이다.
Alzheimer's Disease,strict,memantine,memantine,중단,speculative,low,NMDA receptor antagonism may reduce glutamate-mediated excitotoxicity and synaptic dysfunction.,"Already approved for Alzheimer's disease, so it is excluded as a repurposing candidate."
Rheumatoid Arthritis,strict,Tofacitinib,tofacitinib,승인,clinical,high,JAK1/3 억제를 통해 염증성 사이토카인 신호전달을 낮춘다.,"류마티스관절염에서 이미 임상시험과 승인 근거가 확립된 JAK 억제제이므로 재창출 후보가 아니라 표준치료에 해당해 제외해야 하지만, 형식상 예시로는 대표적이다."
Breast Cancer,strict,metformin,metformin,효능실패,clinical,medium,AMPK 활성화와 mTOR 신호 억제를 통해 종양세포 증식과 대사 적응을 저해할 수 있다.,"유방암에서 관찰연구와 일부 무작위 임상시험이 있었고, 특히 인슐린 저항성/대사 이상 환자에서 보조적 항종양 효과 가능성이 논의되었다."
Breast Cancer,strict,propranolol,propranolol,중단,clinical,medium,"β-아드레날린 신호를 차단해 스트레스 매개 종양 성장, 혈관신생, 전이를 억제할 수 있다.","유방암에서 수술 전후 또는 전이성 질환과 관련한 관찰연구 및 전임상 근거가 있으며, 재발 위험 감소 가능성이 보고되었다."
Breast Cancer,strict,cimetidine,cimetidine,미지,clinical,low,히스타민 H2 수용체 차단을 통해 면역조절과 종양 미세환경 신호를 변화시켜 전이를 억제할 수 있다.,"유방암에서 보조요법 또는 수술 전후 사용과 관련된 오래된 임상 및 관찰 근거가 있으며, 전이 억제 가능성이 제기되었다."
Breast Cancer,strict,doxycycline,doxycycline,미지,preclinical,medium,미토콘드리아 단백질 합성과 암줄기세포성 유지에 영향을 주어 종양 재생성과 침윤성을 낮출 수 있다.,유방암 세포 및 동물모델에서 암줄기세포 표지와 종양 성장 억제를 보인 전임상 연구들이 기억난다.
Breast Cancer,strict,chloroquine,chloroquine,미지,clinical,medium,자가포식 억제를 통해 스트레스 적응과 치료저항성을 약화시킬 수 있다.,"유방암 전임상 모델에서 항암제 감수성 증가와 종양 성장 억제가 보고되었고, 임상 병용 연구도 있었다."
Breast Cancer,strict,disulfiram,disulfiram,미지,preclinical,medium,ALDH 양성 암줄기세포와 프로테아좀/산화스트레스 경로를 교란해 종양 생존을 저해할 수 있다.,유방암에서 특히 삼중음성 아형을 포함한 전임상 항종양 효과가 여러 연구에서 보고되었다.
Breast Cancer,strict,itraconazole,itraconazole,미지,preclinical,low,Hedgehog 및 혈관신생 관련 신호를 억제하고 막수송을 교란해 종양 성장을 저해할 수 있다.,"유방암 전임상 모델에서 증식과 전이를 억제한 보고가 있으며, 다른 암종에서의 재창출 임상 경험이 있다."
Breast Cancer,strict,mebendazole,mebendazole,미지,preclinical,medium,미세소관 기능을 교란하고 세포분열을 억제해 종양세포 증식을 막을 수 있다.,유방암 세포주와 동물모델에서 성장 억제 및 항전이 효과가 보고된 전임상 근거가 기억난다.
Breast Cancer,strict,niclosamide,niclosamide,미지,preclinical,medium,"Wnt/β-catenin, STAT3, mTOR 등 다중 종양 신호를 억제해 증식과 줄기세포성을 낮출 수 있다.","유방암, 특히 삼중음성 유방암에서 전임상 항종양 효과가 반복적으로 보고되었다."
Breast Cancer,strict,arsenic trioxide,arsenictrioxide,중단,preclinical,low,산화스트레스 유도와 세포사멸 경로 활성화를 통해 종양세포를 죽일 수 있다.,유방암 전임상 모델에서 세포사멸 유도와 병용 시너지 가능성이 보고되었다.
Breast Cancer,strict,valproic acid,valproicacid,중단,preclinical,medium,HDAC 억제를 통해 종양 억제 유전자 발현을 회복하고 분화 및 세포사멸을 유도할 수 있다.,유방암 세포주와 동물모델에서 증식 억제 및 항호르몬제/항암제 병용 시너지 전임상 근거가 있다.
Breast Cancer,strict,tamoxifen,tamoxifen,승인,speculative,low,에스트로겐 수용체 길항을 통해 호르몬 비의존성 경로를 차단할 수 있다.,"유방암에서는 표준치료이므로 제외 대상이지만, 다른 적응증에서 승인된 약물로서 재창출 후보로는 부적절하다."
HIV Infections,strict,maraviroc,maraviroc,미지,clinical,high,CCR5를 차단해 CCR5-tropic HIV의 세포 진입을 억제한다.,"HIV 감염에서 이미 승인된 항레트로바이러스제이므로 재창출 후보가 아니라 표준치료에 해당해 제외해야 하지만, 요청 조건상 제외 대상이다."
Ulcerative Colitis,strict,vedolizumab,vedolizumab,승인,clinical,high,α4β7 integrin을 차단해 장 점막으로의 림프구 유입을 억제한다.,"염증성 장질환에서 장-특이적 면역세포 trafficking을 줄이는 기전이 확립되어 있고, ulcerative colitis에서 임상적으로 유효성이 입증된 약물이다."
Ulcerative Colitis,strict,tofacitinib,tofacitinib,승인,clinical,high,JAK1/3 억제를 통해 여러 염증성 사이토카인 신호를 감소시킨다.,"ulcerative colitis에서 임상시험으로 유효성이 확인된 경구 JAK 억제제이며, 다른 적응증에서 승인된 약물이다."
Ulcerative Colitis,strict,upadacitinib,upadacitinib,미지,clinical,high,선택적 JAK1 억제를 통해 염증성 사이토카인 매개 신호를 억제한다.,"다른 적응증에서 승인된 JAK1 억제제로, ulcerative colitis에서 임상시험에서 유효성이 보고되었다."
Ulcerative Colitis,strict,ozanimod,ozanimod,미지,clinical,high,S1P receptor modulation으로 림프구의 장내 유입을 감소시킨다.,"다발성경화증 치료제로 승인된 약물이며, ulcerative colitis에서 임상시험을 통해 효능이 입증되었다."
Ulcerative Colitis,strict,adalimumab,adalimumab,승인,clinical,high,TNF-α를 중화해 염증성 신호를 억제한다.,"다른 면역질환에서 승인된 항TNF 항체로, ulcerative colitis에서도 임상적으로 사용 가능성이 검증되었다."
Ulcerative Colitis,strict,golimumab,golimumab,승인,clinical,high,TNF-α를 중화해 염증 반응을 억제한다.,"류마티스질환 등에서 승인된 항TNF 항체이며, ulcerative colitis에서 임상시험으로 유효성이 확인되었다."
Ulcerative Colitis,strict,infliximab,infliximab,승인,clinical,high,TNF-α를 중화해 점막 염증을 감소시킨다.,"다른 적응증에서 승인된 항TNF 항체로, ulcerative colitis에서 임상적으로 확립된 효능이 있다."
Ulcerative Colitis,strict,ustekinumab,ustekinumab,승인,clinical,high,IL-12/23 경로를 차단해 Th1/Th17 염증을 억제한다.,"다른 염증성 질환에서 승인된 항체이며, ulcerative colitis에서 임상시험으로 유효성이 입증되었다."
Ulcerative Colitis,strict,risankizumab,risankizumab,미지,clinical,medium,IL-23 p19를 차단해 Th17 매개 염증을 억제한다.,"다른 면역질환에서 승인된 IL-23 억제제이며, ulcerative colitis에서 임상시험 근거가 축적되어 있다."
Ulcerative Colitis,strict,filgotinib,filgotinib,승인,clinical,medium,JAK1 억제를 통해 염증성 사이토카인 신호를 감소시킨다.,"다른 적응증에서 승인된 JAK1 억제제로, ulcerative colitis에서 임상시험이 수행되었다."
Ulcerative Colitis,strict,apremilast,apremilast,미지,preclinical,medium,PDE4 억제를 통해 cAMP를 증가시켜 염증성 사이토카인 생성을 낮춘다.,"건선 등에서 승인된 PDE4 억제제이며, 염증성 장질환에서 전임상 및 초기 임상 근거가 보고되었다."
Ulcerative Colitis,strict,colchicine,colchicine,미지,preclinical,low,미세소관 중합을 억제해 호중구 이동과 염증 매개를 줄인다.,"통풍 치료제로 승인된 약물로, ulcerative colitis에서의 항염증 가능성을 다룬 전임상 및 소규모 임상 보고가 기억난다."
Ulcerative Colitis,strict,simvastatin,simvastatin,미지,preclinical,low,HMG-CoA reductase 억제 외에 면역조절 및 내피염증 감소 효과를 보일 수 있다.,"지질강하제로 승인된 약물이며, ulcerative colitis에서 전임상 항염증 효과와 일부 임상 관찰이 보고되었다."
Ulcerative Colitis,strict,metformin,metformin,미지,preclinical,low,AMPK 활성화와 장내 미생물 및 염증 신호 조절을 통해 항염증 효과를 낼 수 있다.,"당뇨병 치료제로 승인된 약물로, ulcerative colitis에서 전임상 및 관찰연구 근거가 일부 알려져 있다."
Ulcerative Colitis,strict,propranolol,propranolol,미지,preclinical,low,β-아드레날린 수용체 차단을 통해 스트레스-면역 축의 염증 반응을 완화할 수 있다.,"심혈관계 질환에서 승인된 약물이며, 염증성 장질환에서 전임상 수준의 면역조절 근거가 보고된 바 있다."
Asthma,strict,omalizumab,omalizumab,승인,clinical,high,IgE를 중화하여 알레르기성 염증과 비만세포 활성화를 줄인다.,"중증 알레르기성 천식에서 이미 임상적으로 평가되어 왔고, 일부 비알레르기성 천식 아형에서도 재창출 후보로 연구되었다."
Asthma,strict,dupilumab,dupilumab,승인,clinical,high,IL-4/IL-13 신호를 차단해 제2형 염증과 기도 과민성을 낮춘다.,"아토피피부염 등 다른 적응증으로 승인된 약이며, 천식에서도 임상시험에서 유효성이 확인되어 재창출 근거가 강하다."
Asthma,strict,mepolizumab,mepolizumab,승인,clinical,high,IL-5를 억제해 호산구성 염증을 감소시킨다.,"원래 다른 적응증으로 개발된 항체이지만, 호산구성 천식에서 임상시험과 실제 사용 근거가 축적되어 있다."
Asthma,strict,benralizumab,benralizumab,미지,clinical,high,IL-5 수용체를 표적해 호산구를 고갈시킨다.,"다른 적응증에서 승인된 생물학제제이며, 중증 호산구성 천식에서 여러 임상시험으로 효과가 입증되었다."
Asthma,strict,tezepelumab,tezepelumab,승인,clinical,high,TSLP를 차단해 상피 유래 상위 염증 신호를 억제한다.,"천식 외 적응증은 아니지만, 이미 승인된 약물로서 천식에서 강한 임상 근거가 있어 재창출 관점의 후보로 자주 다뤄진다."
Asthma,strict,azithromycin,azithromycin,효능실패,clinical,high,항균 작용 외에 호중구성 염증과 점액 분비를 줄이는 면역조절 효과가 있다.,AMAZES와 AZISAST 같은 임상시험에서 천식 악화 감소가 보고되어 재창출 후보로 널리 연구되었다.
Asthma,strict,tiotropium,tiotropium,승인,clinical,high,무스카린 M3 수용체를 차단해 기관지 수축을 완화한다.,COPD 치료제로 승인된 뒤 천식 보조치료 임상시험에서 폐기능과 악화 지표 개선이 확인되었다.
Asthma,strict,montelukast,montelukast,승인,clinical,high,류코트리엔 수용체를 차단해 기도 염증과 기관지수축을 줄인다.,"비염 등 다른 적응증으로도 승인된 약이며, 천식에서 이미 임상적으로 사용되지만 재창출 관점에서는 근거가 충분하다."
Asthma,strict,theophylline,theophylline,승인,clinical,high,PDE 억제와 아데노신 길항을 통해 기관지 확장과 항염 효과를 낸다.,"오래된 다른 적응증 약물로, 천식에서의 임상 사용과 연구가 축적되어 있으나 현재는 보조적 위치다."
Asthma,strict,hydroxychloroquine,hydroxychloroquine,미지,clinical,low,면역세포 활성과 항원 처리 과정을 조절해 염증 반응을 낮출 수 있다.,"자가면역질환에서 승인된 약이며, 천식에서는 소규모 임상과 전임상 연구가 있었지만 일관된 효능은 제한적이었다."
Asthma,strict,statins,statins,미지,clinical,low,HMG-CoA 환원효소 억제 외에 항염 및 면역조절 효과를 통해 기도 염증을 줄일 수 있다.,"심혈관질환 약물이지만 천식에서 관찰연구와 일부 임상시험이 있었고, 특히 악화 감소 가능성이 탐색되었다."
Asthma,strict,metformin,metformin,미지,preclinical,medium,AMPK 활성화와 대사 재조절을 통해 비만 관련 천식의 염증과 기도 반응성을 낮출 수 있다.,"당뇨병 치료제로 승인된 약이며, 비만 천식에서 전임상 및 초기 임상 근거가 보고되었다."
Asthma,strict,propranolol,propranolol,미지,preclinical,low,비선택적 베타차단을 통해 면역세포의 베타아드레날린 신호를 조절할 수 있다.,"천식 악화 위험 때문에 일반적으로는 부적절하지만, 일부 전임상 연구에서 알레르기성 염증 조절 가능성이 탐색되었다."
Asthma,strict,losartan,losartan,미지,preclinical,medium,안지오텐신 II 수용체 차단을 통해 기도 리모델링과 섬유화를 완화할 수 있다.,"고혈압 치료제로 승인된 약이며, 천식의 기도 리모델링에 대한 전임상 연구가 보고되었다."
Asthma,strict,pioglitazone,pioglitazone,중단,preclinical,medium,PPAR-γ 활성화를 통해 염증성 대식세포와 호산구 반응을 억제할 수 있다.,"당뇨병 치료제로 승인된 약으로, 알레르기성 천식 모델에서 항염 효과가 보고되었다."
Asthma,strict,doxycycline,doxycycline,미지,preclinical,medium,MMP 억제와 항염 효과로 기도 리모델링을 줄일 수 있다.,"항생제로 승인된 약이며, 천식의 기도 리모델링과 염증에 대한 전임상 및 제한적 임상 탐색이 있었다."
Asthma,strict,colchicine,colchicine,미지,clinical,low,미세소관 중합을 억제해 염증세포 이동과 활성화를 줄인다.,"통풍 치료제로 승인된 약이며, 천식에서 오래전 소규모 임상 연구가 있었지만 근거는 약하다."
Asthma,strict,ketotifen,ketotifen,미지,clinical,low,비만세포 안정화와 H1 수용체 차단으로 알레르기 염증을 줄인다.,"알레르기 질환에 승인된 약으로, 천식 예방 목적의 임상 사용과 연구가 있었으나 현재 근거는 제한적이다."
Covid19,strict,dexamethasone,dexamethasone,중단,clinical,high,과도한 염증 반응과 사이토카인 매개 폐손상을 억제한다.,RECOVERY trial에서 산소치료 또는 기계환기 환자에서 사망률 감소가 확인되었다.
Covid19,strict,baricitinib,baricitinib,미지,clinical,high,JAK1/2 억제를 통해 염증성 사이토카인 신호와 일부 바이러스 유입 관련 경로를 줄인다.,ACTT-2와 COV-BARRIER에서 회복 시간 단축 및 중증 환자 예후 개선 신호가 보고되었다.
Covid19,strict,tocilizumab,tocilizumab,미지,clinical,high,IL-6 수용체 차단으로 과염증과 급성 호흡부전 진행을 완화한다.,RECOVERY와 REMAP-CAP에서 중증 Covid19 환자 사망률 및 임상 악화 감소가 보고되었다.
Covid19,strict,remdesivir,remdesivir,미지,clinical,high,바이러스 RNA 의존성 RNA 중합효소를 억제해 SARS-CoV-2 복제를 저해한다.,"ACTT-1 등에서 회복 시간 단축이 관찰되었고, 초기 바이러스 증식 억제 근거가 축적되었다."
Covid19,strict,molnupiravir,molnupiravir,승인,clinical,high,바이러스 RNA 복제 시 치명적 돌연변이를 유도해 증식을 억제한다.,MOVe-OUT에서 고위험 경증-중등증 환자의 입원 또는 사망 감소가 보고되었다.
Covid19,strict,fluvoxamine,fluvoxamine,중단,clinical,medium,sigma-1 receptor 조절과 항염 효과를 통해 초기 염증 악화를 완화할 수 있다.,TOGETHER trial 등에서 초기 외래 환자에서 임상 악화 감소 신호가 보고되었다.
Covid19,strict,ivermectin,ivermectin,중단,preclinical,low,숙주-바이러스 상호작용과 핵수송 경로를 교란해 항바이러스 효과를 낼 가능성이 제기되었다.,"세포 및 동물 전임상에서 항바이러스 신호가 있었으나, 임상 근거는 일관되지 않다."
Covid19,strict,nitazoxanide,nitazoxanide,미지,preclinical,medium,숙주 항바이러스 반응을 증강하고 바이러스 단백질 성숙을 방해할 수 있다.,in vitro에서 SARS-CoV-2 억제 신호가 보고되었고 초기 임상 연구가 수행되었다.
Covid19,strict,camostat,camostat,효능실패,mechanistic,medium,TMPRSS2를 억제해 바이러스 스파이크 단백질 활성화와 세포 진입을 줄인다.,전임상에서 세포 진입 억제 근거가 있으며 초기 임상 시험이 진행되었다.
Covid19,strict,apixaban,apixaban,미지,clinical,medium,응고계 억제를 통해 Covid19 관련 혈전성 합병증 위험을 낮출 수 있다.,"중증 Covid19에서 혈전증이 중요한 병태생리이며, 항응고 전략의 임상 근거가 축적되었다."
Covid19,strict,colchicine,colchicine,중단,clinical,medium,NLRP3 inflammasome 및 호중구 매개 염증을 억제한다.,COLCORONA와 기타 연구에서 외래 또는 초기 환자에서 염증성 악화 감소 신호가 보고되었다.
Covid19,strict,famotidine,famotidine,중단,clinical,low,히스타민 H2 수용체 차단을 통해 염증 반응을 조절할 가능성이 제기되었다.,관찰연구와 소규모 임상에서 예후 개선 신호가 보고되었으나 근거는 제한적이다.
Covid19,strict,interferon beta-1a,interferonbeta1a,미지,clinical,low,선천면역 항바이러스 반응을 강화해 초기 바이러스 복제를 억제한다.,초기 임상시험과 전임상에서 항바이러스 효과가 검토되었으나 결과는 혼재되었다.
Covid19,strict,sotrovimab,sotrovimab,승인,clinical,medium,SARS-CoV-2 스파이크 단백질을 중화해 세포 감염을 차단한다.,초기 변이주에서 외래 고위험 환자 치료에 효과가 입증되었으나 변이 유행에 따라 효용이 달라졌다.
Idiopathic Pulmonary Fibrosis,strict,Nintedanib,nintedanib,승인,clinical,high,"Tyrosine kinase inhibition reduces fibroblast proliferation, migration, and profibrotic signaling.","Idiopathic pulmonary fibrosis is already an approved indication for nintedanib, so it is excluded as a repurposing candidate."
Idiopathic Pulmonary Fibrosis,strict,Pirfenidone,pirfenidone,승인,clinical,high,Antifibrotic and anti-inflammatory effects reduce TGF-β–linked collagen deposition and fibroblast activation.,"Idiopathic pulmonary fibrosis is already an approved indication for pirfenidone, so it is excluded as a repurposing candidate."
Schizophrenia,strict,minocycline,minocycline,미지,clinical,medium,Microglial activation and neuroinflammation을 억제해 음성증상과 인지기능에 영향을 줄 수 있다.,"조현병에서 보조요법으로 평가된 소규모 임상시험들과 메타분석이 있으며, 증상 개선 신호가 보고되었다."
Schizophrenia,strict,memantine,memantine,중단,clinical,medium,NMDA receptor antagonism을 통해 글루타메이트성 이상을 조절해 인지 및 음성증상에 도움을 줄 수 있다.,"조현병 환자에서 보조치료로 시험된 임상연구들이 있고, 일부 연구에서 음성증상 또는 인지 관련 신호가 보고되었다."
Schizophrenia,strict,glycine,glycine,중단,clinical,medium,NMDA receptor의 glycine site를 강화해 NMDA hypofunction을 보완할 수 있다.,"조현병에서 보조요법으로 여러 임상시험이 수행되었고, 특히 음성증상에 대한 제한적 개선 신호가 보고되었다."
Schizophrenia,strict,sarcosine,sarcosine,미지,clinical,medium,Glycine transporter 1 억제를 통해 시냅스 glycine을 증가시켜 NMDA receptor 기능을 강화한다.,"조현병 보조치료 임상시험에서 음성증상 개선 신호가 보고되었고, 관련 메타분석도 존재한다."
Schizophrenia,strict,N-acetylcysteine,nacetylcysteine,미지,clinical,medium,Glutathione 전구체 및 산화스트레스 조절을 통해 신경염증과 redox imbalance를 완화할 수 있다.,"조현병에서 보조요법 임상시험과 메타분석이 있으며, 음성증상과 전반적 기능에서 일부 유익 신호가 보고되었다."
Schizophrenia,strict,aspirin,aspirin,미지,clinical,low,Cyclooxygenase 억제를 통해 염증성 경로를 낮춰 조현병의 염증 관련 병태에 영향을 줄 수 있다.,"조현병 보조치료로 소규모 임상시험과 메타분석이 있었고, 특히 초기 질환에서 일부 이득 신호가 보고되었다."
Schizophrenia,strict,celecoxib,celecoxib,미지,clinical,medium,COX-2 억제를 통해 신경염증을 줄여 증상 개선에 기여할 수 있다.,"조현병에서 보조요법 임상시험이 수행되었고, 일부 연구와 메타분석에서 증상 개선 신호가 보고되었다."
Schizophrenia,strict,pioglitazone,pioglitazone,미지,clinical,low,PPAR-γ agonism을 통해 염증과 대사 이상을 조절해 조현병 증상에 영향을 줄 수 있다.,"조현병 환자에서 보조치료 임상시험이 있었고, 일부 연구에서 음성증상 또는 전반적 증상 개선이 관찰되었다."
Schizophrenia,strict,reboxetine,reboxetine,미지,clinical,low,Norepinephrine reuptake inhibition을 통해 인지 및 음성증상에 영향을 줄 수 있다.,"조현병 보조치료 임상시험이 보고되었고, 일부 연구에서 음성증상 개선 신호가 있었다."
Schizophrenia,strict,donepezil,donepezil,중단,clinical,low,Acetylcholinesterase inhibition으로 콜린성 기능을 강화해 인지기능 저하를 완화할 수 있다.,조현병의 인지증상에 대해 보조요법 임상시험들이 수행되었으나 결과는 혼재되어 있다.
Schizophrenia,strict,galantamine,galantamine,중단,clinical,low,Acetylcholinesterase inhibition과 nicotinic receptor modulation을 통해 인지기능을 개선할 수 있다.,조현병 인지증상에 대한 보조치료 임상시험이 보고되었으나 일관된 효과는 제한적이다.
Schizophrenia,strict,ondansetron,ondansetron,중단,clinical,low,5-HT3 receptor antagonism을 통해 도파민-글루타메이트 회로를 조절해 음성증상에 영향을 줄 수 있다.,"조현병 보조치료 임상시험이 있었고, 일부 연구에서 음성증상 개선 신호가 보고되었다."
Schizophrenia,strict,raloxifene,raloxifene,미지,clinical,medium,Selective estrogen receptor modulation을 통해 항염 및 신경보호 효과로 증상에 영향을 줄 수 있다.,"조현병 여성 환자에서 보조요법 임상시험과 메타분석이 있으며, 특히 음성증상 개선 신호가 보고되었다."
Schizophrenia,strict,d-cycloserine,dcycloserine,미지,clinical,low,Partial NMDA receptor agonism으로 NMDA 기능을 보완해 인지 및 음성증상에 영향을 줄 수 있다.,"조현병에서 보조치료 임상시험이 다수 있었으나 결과는 혼재되어 있고, 일부 조건에서만 신호가 있었다."
Schizophrenia,strict,topiramate,topiramate,미지,clinical,low,Glutamatergic transmission 조절과 GABAergic enhancement를 통해 증상 및 체중 관련 문제에 영향을 줄 수 있다.,"조현병 보조치료 임상시험과 메타분석이 있으며, 주로 체중 증가 억제와 일부 증상 지표에서 신호가 보고되었다."
Crohn's Disease,strict,vedolizumab,vedolizumab,승인,clinical,high,α4β7 integrin을 차단해 장 점막으로의 림프구 유입을 억제한다.,Crohn's disease에서 이미 임상적으로 평가되어 장 선택적 면역세포 trafficking 억제가 유효할 수 있음을 보여준 약물이다.
Crohn's Disease,strict,ustekinumab,ustekinumab,승인,clinical,high,IL-12/IL-23 경로를 억제해 Th1/Th17 염증 반응을 낮춘다.,Crohn's disease에서 UNITI-1/UNITI-2 및 IM-UNITI 같은 임상시험으로 유효성이 확인된 재창출 후보이다.
Crohn's Disease,strict,risankizumab,risankizumab,미지,clinical,high,IL-23 p19를 선택적으로 억제해 장 염증성 면역반응을 줄인다.,"Crohn's disease에서 ADVANCE, MOTIVATE, FORTIFY 임상시험으로 효과가 입증된 약물이다."
Crohn's Disease,strict,tofacitinib,tofacitinib,미지,clinical,medium,JAK 신호전달을 억제해 염증성 사이토카인 전달을 차단한다.,"Crohn's disease에서 임상시험이 수행되었으나 일관된 효능은 제한적이었고, 다른 염증성 질환에서 승인된 JAK 억제제의 재창출 후보로 검토되었다."
Crohn's Disease,strict,filgotinib,filgotinib,미지,clinical,medium,JAK1을 선택적으로 억제해 염증성 사이토카인 신호를 감소시킨다.,"Crohn's disease에서 FITZROY 등 임상시험이 수행된 JAK1 억제제이며, 질환 기전상 재창출 후보로 연구되었다."
Crohn's Disease,strict,baricitinib,baricitinib,미지,preclinical,low,JAK1/2 억제를 통해 염증성 사이토카인 매개 신호를 낮춘다.,"Crohn's disease에서 전임상 및 초기 임상적 탐색이 보고된 바 있는 승인 약물로, 면역염증 축을 겨냥한 재창출 후보이다."
Crohn's Disease,strict,apremilast,apremilast,미지,clinical,medium,PDE4 억제로 cAMP를 증가시켜 TNF-α 등 염증성 매개체 생성을 줄인다.,"염증성 장질환에서 전임상 및 초기 임상 탐색이 있었고, Crohn's disease 재창출 후보로 자주 검토된 약물이다."
Crohn's Disease,strict,thalidomide,thalidomide,미지,clinical,medium,TNF-α 생성과 면역세포 활성화를 억제한다.,"난치성 Crohn's disease, 특히 소아/재발성 질환에서 소규모 임상 경험이 보고된 재창출 약물이다."
Crohn's Disease,strict,methotrexate,methotrexate,미지,clinical,high,항대사 및 면역조절 작용으로 림프구 증식을 억제한다.,Crohn's disease에서 이미 오래전부터 임상적으로 사용되어 온 면역억제 재창출 약물이다.
Crohn's Disease,strict,azathioprine,azathioprine,승인,clinical,high,퓨린 합성을 억제해 림프구 증식을 감소시킨다.,Crohn's disease에서 유지요법으로 임상 사용 경험이 풍부한 재창출 약물이다.
Crohn's Disease,strict,6-mercaptopurine,mercaptopurine,중단,clinical,high,퓨린 대사를 억제해 면역세포 증식을 줄인다.,Crohn's disease에서 azathioprine과 함께 오래전부터 사용된 면역조절 재창출 약물이다.
Crohn's Disease,strict,cyclosporine,cyclosporine,미지,clinical,low,calcineurin 억제를 통해 T세포 활성화를 차단한다.,Crohn's disease에서는 제한적이지만 난치성 염증성 장질환에서 면역억제 재창출 후보로 임상적으로 탐색된 바 있다.
Crohn's Disease,strict,tacrolimus,tacrolimus,미지,clinical,low,calcineurin 억제로 T세포 사이토카인 생성을 억제한다.,주로 국소/난치성 염증성 장질환에서 임상 탐색이 있었고 Crohn's disease 재창출 후보로 검토된 바 있다.
Crohn's Disease,strict,mycophenolate mofetil,mycophenolatemofetil,미지,clinical,low,IMP dehydrogenase 억제로 림프구의 de novo purine 합성을 차단한다.,Crohn's disease에서 제한적 임상 경험이 보고된 면역억제 재창출 약물이다.
Crohn's Disease,strict,clofazimine,clofazimine,미지,clinical,medium,염증성 대식세포 반응과 세균막 기능을 교란해 장 염증을 완화할 수 있다.,"Crohn's disease, 특히 누공성 질환에서 소규모 임상 및 사례 보고가 있는 재창출 후보이다."
Crohn's Disease,strict,metformin,metformin,미지,preclinical,low,AMPK 활성화와 장내 미생물 및 염증 신호 조절을 통해 장 염증을 낮출 수 있다.,Crohn's disease에서 전임상 및 관찰연구 수준의 근거가 보고된 재창출 후보이다.
Crohn's Disease,strict,simvastatin,simvastatin,미지,preclinical,low,mevalonate 경로 억제를 통해 면역세포 활성과 염증성 신호를 감소시킨다.,Crohn's disease 전임상 모델에서 항염 효과가 보고된 승인 약물이다.
Crohn's Disease,strict,atorvastatin,atorvastatin,미지,preclinical,low,면역조절 및 장 상피 염증 신호 억제를 통해 질환 활성도를 낮출 수 있다.,Crohn's disease 전임상 연구에서 항염 및 장 장벽 보호 효과가 보고된 바 있다.
Crohn's Disease,strict,naltrexone,naltrexone,중단,clinical,medium,opioid receptor 길항을 통해 면역조절 및 장 염증 신호를 변화시킬 수 있다.,low-dose naltrexone 형태로 Crohn's disease에서 소규모 임상 연구가 보고된 재창출 후보이다.
Crohn's Disease,strict,allopurinol,allopurinol,미지,clinical,medium,thiopurine 대사를 조절해 6-mercaptopurine의 대사 프로파일을 바꾼다.,"Crohn's disease 자체 치료보다는 thiopurine 병용 최적화에 쓰이지만, 면역조절 전략의 재창출 맥락에서 임상 경험이 있다."
Atopic Dermatitis,loose,dupilumab,dupilumab,승인,clinical,high,IL-4/IL-13 signaling을 차단해 Th2 염증과 피부장벽 이상을 줄인다.,아토피 피부염에 이미 승인된 표준치료이므로 재창출 후보에서 제외해야 한다.
Atopic Dermatitis,loose,tralokinumab,tralokinumab,미지,clinical,high,"IL-13을 중화해 Th2 매개 염증과 가려움, 장벽 손상을 완화한다.",아토피 피부염에 이미 승인된 표준치료이므로 재창출 후보에서 제외해야 한다.
Atopic Dermatitis,loose,lebrikizumab,lebrikizumab,미지,clinical,high,IL-13 신호를 억제해 아토피 피부염의 Th2 염증을 낮춘다.,아토피 피부염에 이미 승인된 표준치료이므로 재창출 후보에서 제외해야 한다.
Atopic Dermatitis,loose,upadacitinib,upadacitinib,승인,clinical,high,JAK1을 억제해 여러 사이토카인 신호를 동시에 낮춘다.,아토피 피부염에 이미 승인된 표준치료이므로 재창출 후보에서 제외해야 한다.
Atopic Dermatitis,loose,abrocitinib,abrocitinib,승인,clinical,high,JAK1을 선택적으로 억제해 염증성 사이토카인 전달을 차단한다.,아토피 피부염에 이미 승인된 표준치료이므로 재창출 후보에서 제외해야 한다.
Atopic Dermatitis,loose,baricitinib,baricitinib,승인,clinical,high,JAK1/2를 억제해 염증과 가려움 관련 신호를 줄인다.,아토피 피부염에 이미 승인된 표준치료이므로 재창출 후보에서 제외해야 한다.
Atopic Dermatitis,loose,crisaborole,crisaborole,승인,clinical,high,PDE4를 억제해 cAMP를 증가시키고 염증성 사이토카인 생성을 줄인다.,아토피 피부염에 이미 승인된 표준치료이므로 재창출 후보에서 제외해야 한다.
Atopic Dermatitis,loose,ruxolitinib,ruxolitinib,미지,clinical,high,JAK1/2를 억제해 국소 염증 신호를 감소시킨다.,아토피 피부염에 이미 승인된 표준치료이므로 재창출 후보에서 제외해야 한다.
Atopic Dermatitis,loose,tacrolimus,tacrolimus,승인,clinical,high,calcineurin을 억제해 T세포 활성화와 염증성 사이토카인 생성을 줄인다.,아토피 피부염에 이미 승인된 표준치료이므로 재창출 후보에서 제외해야 한다.
Atopic Dermatitis,loose,pimecrolimus,pimecrolimus,승인,clinical,high,calcineurin 억제를 통해 T세포 매개 염증을 낮춘다.,아토피 피부염에 이미 승인된 표준치료이므로 재창출 후보에서 제외해야 한다.
Atopic Dermatitis,loose,methotrexate,methotrexate,미지,clinical,medium,면역세포 증식과 염증성 사이토카인 생성을 억제해 만성 염증을 완화한다.,중증 아토피 피부염에서 오프라벨로 사용된 보고가 있으며 면역억제 기전상 후보가 될 수 있다.
Atopic Dermatitis,loose,cyclosporine,cyclosporine,미지,clinical,high,calcineurin 억제를 통해 T세포 활성화를 강하게 차단한다.,중증 아토피 피부염에서 오프라벨 사용 경험이 많아 재창출 후보로는 기전상 이미 잘 알려져 있다.
Atopic Dermatitis,loose,azathioprine,azathioprine,미지,clinical,medium,퓨린 합성을 억제해 림프구 증식을 감소시킨다.,난치성 아토피 피부염에서 면역억제 대안으로 사용된 임상 경험이 있어 후보가 될 수 있다.
Atopic Dermatitis,loose,mycophenolate mofetil,mycophenolatemofetil,미지,clinical,medium,IMP dehydrogenase를 억제해 T·B세포 증식을 줄인다.,중증 아토피 피부염에서 오프라벨 사용 보고가 있으며 면역조절 기전상 그럴듯하다.
Atopic Dermatitis,loose,dapsone,dapsone,미지,speculative,low,호중구 관련 염증과 산화 스트레스를 억제해 염증 반응을 완화한다.,일부 염증성 피부질환에서 사용되며 아토피 피부염의 특정 염증 표현형에 후보가 될 수 있다.
Atopic Dermatitis,loose,omalizumab,omalizumab,미지,clinical,low,IgE를 중화해 알레르기성 면역반응과 비만세포 활성화를 줄인다.,IgE 매개 아토피 병태생리에 맞지만 아토피 피부염에서 결과가 일관되지 않아 탐색 후보로는 가능하다.
Atopic Dermatitis,loose,montelukast,montelukast,미지,clinical,low,leukotriene receptor를 차단해 알레르기성 염증과 가려움 관련 신호를 낮춘다.,아토피 피부염에서 제한적 임상 경험이 있고 안전성이 비교적 좋아 재창출 후보가 될 수 있다.
Atopic Dermatitis,loose,apremilast,apremilast,미지,mechanistic,low,PDE4를 억제해 염증성 사이토카인 생성을 감소시킨다.,PDE4 억제라는 기전이 아토피 피부염과 맞아 후보가 될 수 있으나 직접 근거는 제한적이다.
Atopic Dermatitis,loose,tofacitinib,tofacitinib,미지,clinical,medium,JAK 신호를 억제해 Th2 및 기타 염증성 사이토카인 전달을 차단한다.,아토피 피부염에서 국소 또는 전신 오프라벨 탐색이 있었고 JAK 억제 기전상 유망하다.
Atopic Dermatitis,loose,secukinumab,secukinumab,미지,speculative,low,IL-17A를 중화해 Th17 관련 염증을 억제한다.,아토피 피부염의 주된 축은 아니지만 일부 표현형에서 Th17 기여 가능성이 있어 탐색 후보가 될 수 있다.
Alzheimer's Disease,loose,Memantine,memantine,중단,clinical,high,NMDA receptor antagonism may reduce glutamate-mediated excitotoxicity and downstream neuronal injury in Alzheimer's disease.,It has been studied in dementia-related contexts and is mechanistically relevant to synaptic dysfunction and excitotoxicity in Alzheimer's disease.
Alzheimer's Disease,loose,Rivastigmine,rivastigmine,승인,clinical,high,Acetylcholinesterase and butyrylcholinesterase inhibition may enhance cholinergic neurotransmission and support cognition.,"Cholinergic deficit is a core feature of Alzheimer's disease, making this class biologically plausible for symptomatic benefit."
Alzheimer's Disease,loose,Donepezil,donepezil,승인,clinical,high,Selective acetylcholinesterase inhibition may increase synaptic acetylcholine and improve cognitive signaling.,"The cholinergic hypothesis of Alzheimer's disease supports this mechanism, and the drug has been widely evaluated in dementia."
Alzheimer's Disease,loose,Galantamine,galantamine,승인,clinical,high,Acetylcholinesterase inhibition and nicotinic receptor modulation may improve cholinergic transmission and attention.,Its dual cholinergic actions are relevant to the neurotransmitter deficits seen in Alzheimer's disease.
Alzheimer's Disease,loose,Lithium,lithium,미지,clinical,medium,GSK3 inhibition and modulation of tau phosphorylation may reduce tau pathology and neurodegenerative signaling.,Lithium has been repeatedly explored in Alzheimer's disease because of its effects on tau biology and neuroprotection.
Alzheimer's Disease,loose,Valproic acid,valproicacid,미지,clinical,medium,Histone deacetylase inhibition and GSK3-related effects may alter neuroinflammatory and tau-related pathways.,It has been investigated for potential disease-modifying effects in Alzheimer's disease despite mixed results.
Alzheimer's Disease,loose,Trazodone,trazodone,미지,clinical,medium,5-HT2A antagonism and stress-response modulation may improve sleep and potentially reduce neurotoxic protein stress.,"Sleep disruption is linked to Alzheimer's disease progression, and trazodone has been studied for sleep-related cognitive effects."
Alzheimer's Disease,loose,Mirtazapine,mirtazapine,미지,clinical,medium,"Noradrenergic and serotonergic modulation may improve sleep, appetite, and behavioral symptoms that worsen cognitive burden.",It is often considered for neuropsychiatric symptoms in dementia and may indirectly support care in Alzheimer's disease.
Alzheimer's Disease,loose,Citalopram,citalopram,미지,clinical,medium,Selective serotonin reuptake inhibition may reduce agitation and modulate neuropsychiatric symptoms in Alzheimer's disease.,"Behavioral symptoms are common in Alzheimer's disease, and citalopram has been studied for agitation control."
Alzheimer's Disease,loose,Sertraline,sertraline,미지,clinical,medium,Selective serotonin reuptake inhibition may help depression and behavioral symptoms that complicate Alzheimer's disease.,"Depression and anxiety are frequent comorbidities in Alzheimer's disease, making this a plausible supportive repurposing candidate."
Alzheimer's Disease,loose,Simvastatin,simvastatin,미지,clinical,medium,"HMG-CoA reductase inhibition may reduce vascular risk, inflammation, and possibly amyloid-related processes.",Statins have been widely explored in Alzheimer's disease because of epidemiologic and mechanistic links to cholesterol metabolism.
Alzheimer's Disease,loose,Atorvastatin,atorvastatin,미지,clinical,medium,"HMG-CoA reductase inhibition may influence lipid handling, cerebrovascular health, and neuroinflammation.","Cholesterol metabolism is implicated in Alzheimer's disease pathobiology, supporting statin repurposing hypotheses."
Alzheimer's Disease,loose,Metformin,metformin,미지,clinical,medium,"AMPK activation and metabolic reprogramming may improve insulin signaling, inflammation, and neuronal stress responses.","Brain insulin resistance and metabolic dysfunction are increasingly linked to Alzheimer's disease, making metformin a plausible candidate."
Alzheimer's Disease,loose,Pioglitazone,pioglitazone,효능실패,clinical,medium,PPAR-gamma agonism may reduce neuroinflammation and improve insulin sensitivity in the brain.,It has been investigated in Alzheimer's disease based on metabolic and anti-inflammatory mechanisms.
Alzheimer's Disease,loose,Exenatide,exenatide,중단,clinical,medium,"GLP-1 receptor agonism may enhance neuronal survival, synaptic plasticity, and insulin signaling.",GLP-1-based therapies have been explored for neurodegenerative disease because of potential neuroprotective effects in Alzheimer's disease.
Alzheimer's Disease,loose,Liraglutide,liraglutide,미지,clinical,medium,GLP-1 receptor agonism may reduce neuroinflammation and support synaptic and metabolic function.,Preclinical and early clinical work has suggested potential benefit in Alzheimer's disease-related pathways.
Alzheimer's Disease,loose,Riluzole,riluzole,미지,mechanistic,medium,Glutamatergic modulation may reduce excitotoxic stress and support neuronal survival.,"Because glutamate dysregulation contributes to neurodegeneration, riluzole has been considered for Alzheimer's disease repurposing."
Alzheimer's Disease,loose,Minocycline,minocycline,미지,clinical,medium,Microglial suppression and anti-inflammatory effects may reduce neuroinflammation and secondary neuronal injury.,"Neuroinflammation is a major Alzheimer's disease pathway, and minocycline has been tested in multiple neurodegenerative settings."
Alzheimer's Disease,loose,N-acetylcysteine,nacetylcysteine,미지,mechanistic,low,Glutathione replenishment and antioxidant effects may reduce oxidative stress and mitochondrial injury.,"Oxidative stress is prominent in Alzheimer's disease, making this a plausible adjunctive repurposing candidate."
Alzheimer's Disease,loose,Sildenafil,sildenafil,미지,preclinical,low,"Phosphodiesterase 5 inhibition may enhance cGMP signaling, cerebral blood flow, and synaptic plasticity.","Vascular and signaling abnormalities are implicated in Alzheimer's disease, and PDE5 inhibition has been proposed as a neuroprotective strategy."
Rheumatoid Arthritis,loose,Tofacitinib,tofacitinib,승인,clinical,high,JAK-STAT signaling inhibition reduces pro-inflammatory cytokine signaling in synovial inflammation.,"JAK inhibition is strongly relevant to rheumatoid arthritis pathobiology and tofacitinib has been explored in inflammatory arthritis contexts, making it a plausible repurposing comparator if not already considered standard in the target setting."
Rheumatoid Arthritis,loose,Baricitinib,baricitinib,승인,clinical,high,Selective JAK1/2 inhibition may suppress cytokine-driven synovitis and immune-cell activation.,Baricitinib has anti-inflammatory effects in immune-mediated disease and has been studied in rheumatoid arthritis-related inflammatory pathways.
Rheumatoid Arthritis,loose,Upadacitinib,upadacitinib,승인,clinical,high,JAK1 inhibition can dampen multiple cytokine cascades involved in joint inflammation.,Its mechanism aligns closely with rheumatoid arthritis immunopathology and it has been evaluated in inflammatory arthritis settings.
Rheumatoid Arthritis,loose,Filgotinib,filgotinib,승인,clinical,medium,JAK1-selective inhibition may reduce synovial cytokine signaling and leukocyte recruitment.,JAK1 blockade is mechanistically attractive for rheumatoid arthritis and filgotinib has been investigated in inflammatory arthritis.
Rheumatoid Arthritis,loose,Apremilast,apremilast,미지,mechanistic,medium,PDE4 inhibition increases intracellular cAMP and downregulates TNF-alpha and other inflammatory mediators.,"PDE4-mediated immunomodulation could plausibly reduce synovitis, and apremilast has been explored across inflammatory diseases."
Rheumatoid Arthritis,loose,Colchicine,colchicine,미지,mechanistic,medium,Microtubule inhibition suppresses neutrophil trafficking and inflammasome-related inflammation.,"Although not a standard rheumatoid arthritis therapy, its broad anti-inflammatory effects make it a plausible repurposing candidate for inflammatory flares."
Rheumatoid Arthritis,loose,Dapsone,dapsone,미지,speculative,low,Anti-neutrophilic and anti-inflammatory effects may reduce tissue inflammation.,Dapsone has been used in immune-mediated inflammatory disorders and could theoretically modulate inflammatory components of rheumatoid arthritis.
Rheumatoid Arthritis,loose,Hydroxychloroquine,hydroxychloroquine,승인,clinical,high,Endosomal pH modulation and toll-like receptor signaling inhibition reduce antigen presentation and cytokine production.,"It is already used in autoimmune disease and has mechanistic overlap with rheumatoid arthritis inflammation, though it is also a standard agent in this disease and therefore may not qualify in strict filtering."
Rheumatoid Arthritis,loose,Sulfasalazine,sulfasalazine,승인,clinical,high,Immunomodulatory effects reduce inflammatory cytokine production and leukocyte activity.,"It has established anti-inflammatory activity in inflammatory arthritis and is mechanistically relevant to rheumatoid arthritis, though it is also a standard therapy and may be excluded in strict filtering."
Rheumatoid Arthritis,loose,Azathioprine,azathioprine,승인,clinical,medium,Purine synthesis inhibition suppresses lymphocyte proliferation and adaptive immune activation.,"Broad immunosuppression could theoretically reduce autoimmune synovitis, and azathioprine has historical use in autoimmune diseases."
Rheumatoid Arthritis,loose,Mycophenolate mofetil,mycophenolatemofetil,중단,clinical,medium,Inhibition of inosine monophosphate dehydrogenase reduces lymphocyte proliferation.,Its lymphocyte-targeting immunosuppression makes it a plausible repurposing candidate for refractory autoimmune arthritis.
Rheumatoid Arthritis,loose,Tacrolimus,tacrolimus,미지,clinical,medium,Calcineurin inhibition reduces T-cell activation and downstream cytokine production.,T-cell suppression is relevant to rheumatoid arthritis immunopathology and tacrolimus has been explored in autoimmune conditions.
Rheumatoid Arthritis,loose,Sirolimus,sirolimus,미지,mechanistic,medium,mTOR inhibition can reduce T-cell proliferation and alter inflammatory immune responses.,"mTOR signaling contributes to immune activation, making sirolimus a plausible candidate for autoimmune synovitis."
Rheumatoid Arthritis,loose,Thalidomide,thalidomide,중단,clinical,medium,TNF-alpha suppression and broader immunomodulation may reduce inflammatory joint damage.,Its cytokine-modulating properties have been leveraged in inflammatory diseases and could be repurposed for rheumatoid arthritis.
Rheumatoid Arthritis,loose,Lenalidomide,lenalidomide,미지,mechanistic,low,Immunomodulatory effects may alter cytokine balance and T-cell function.,"As a thalidomide analog with anti-inflammatory properties, it is mechanistically plausible for autoimmune arthritis."
Rheumatoid Arthritis,loose,Minocycline,minocycline,미지,clinical,medium,Inhibition of matrix metalloproteinases and microglial/neutrophil inflammatory signaling may reduce joint damage and inflammation.,Minocycline has been studied in rheumatoid arthritis and has anti-inflammatory actions beyond antimicrobial activity.
Rheumatoid Arthritis,loose,Doxycycline,doxycycline,미지,mechanistic,medium,Matrix metalloproteinase inhibition and anti-inflammatory effects may limit tissue destruction.,Its non-antibiotic anti-inflammatory properties make it a plausible repurposing candidate for rheumatoid arthritis.
Rheumatoid Arthritis,loose,Celecoxib,celecoxib,승인,clinical,high,COX-2 inhibition reduces prostaglandin-mediated pain and inflammation.,"While symptomatic rather than disease-modifying, COX-2 inhibition can help inflammatory arthritis and may be considered for adjunctive repurposing."
Rheumatoid Arthritis,loose,Meloxicam,meloxicam,승인,clinical,high,Preferential COX-2 inhibition lowers inflammatory prostaglandin synthesis.,Its anti-inflammatory profile is relevant to rheumatoid arthritis symptom control and adjunctive management.
Rheumatoid Arthritis,loose,Pentosan polysulfate sodium,pentosanpolysulfate,미지,speculative,low,May modulate inflammatory mediators and cartilage-degrading enzymes.,It has been explored in musculoskeletal inflammatory conditions and could be repurposed for rheumatoid arthritis-related joint pathology.
Breast Cancer,loose,Metformin,metformin,효능실패,clinical,medium,AMPK 활성화와 mTOR 신호 억제를 통해 종양 세포 증식과 대사 적응을 저해할 수 있다.,인슐린 저항성과 연관된 유방암 위험 및 예후 개선 가능성이 여러 관찰연구와 일부 임상시험에서 탐색되었다.
Breast Cancer,loose,Aspirin,aspirin,미지,clinical,low,COX 억제와 염증성 미세환경 조절을 통해 종양 촉진 신호를 낮출 수 있다.,"염증 매개 경로가 유방암 진행과 연관되어 있으며, 재발 및 생존과의 관련성을 본 역학연구가 있다."
Breast Cancer,loose,Atorvastatin,atorvastatin,중단,preclinical,medium,HMG-CoA 환원효소 억제를 통해 mevalonate 경로와 세포막/신호전달 의존성을 약화시킬 수 있다.,"유방암 세포주와 동물모델에서 증식 억제 및 전이 감소가 보고되었고, 역학적으로도 일부 유익 신호가 관찰되었다."
Breast Cancer,loose,Propranolol,propranolol,중단,clinical,low,"β-아드레날린 신호 차단으로 스트레스 유도 종양 성장, 혈관신생, 전이를 억제할 수 있다.","교감신경 활성과 유방암 진행의 연관성이 제시되었고, perioperative 또는 관찰연구에서 재발 관련 신호가 탐색되었다."
Breast Cancer,loose,Doxycycline,doxycycline,미지,preclinical,medium,미토콘드리아 단백질 합성을 억제하여 암 줄기세포성 및 대사 적응을 약화시킬 수 있다.,유방암 줄기세포 표적화와 mammosphere 억제를 보인 전임상 연구가 다수 보고되었다.
Breast Cancer,loose,Mebendazole,mebendazole,미지,preclinical,medium,미세소관 기능을 교란하고 세포분열 및 생존 신호를 억제할 수 있다.,유방암 모델에서 증식 억제와 종양 성장 감소가 보고된 대표적 재창출 후보이다.
Breast Cancer,loose,Itraconazole,itraconazole,미지,preclinical,low,Hedgehog 및 angiogenesis 관련 신호를 억제하고 막 수송을 교란할 수 있다.,"항혈관신생 및 종양 미세환경 조절 효과가 전임상에서 관찰되었고, 여러 고형암 재창출 후보로 연구되었다."
Breast Cancer,loose,Chloroquine,chloroquine,미지,preclinical,medium,자가포식 억제를 통해 스트레스 적응과 치료저항성을 약화시킬 수 있다.,"유방암에서 자가포식 의존성이 치료저항성과 연관된다는 근거가 있으며, 병용전략 전임상 연구가 많다."
Breast Cancer,loose,Hydroxychloroquine,hydroxychloroquine,중단,clinical,medium,리소좀 기능과 자가포식을 억제하여 생존 회피 경로를 차단할 수 있다.,유방암에서 항암제 또는 표적치료와의 병용을 평가한 임상 및 전임상 연구가 축적되어 있다.
Breast Cancer,loose,Disulfiram,disulfiram,미지,preclinical,medium,알데하이드 탈수소효소 및 proteasome 관련 경로를 억제하여 암 줄기세포와 생존을 저해할 수 있다.,유방암 줄기세포 억제와 항종양 효과를 보인 전임상 연구가 보고되었다.
Breast Cancer,loose,Niclosamide,niclosamide,미지,preclinical,medium,"Wnt/β-catenin, STAT3, NF-κB 신호를 억제하여 증식과 전이를 줄일 수 있다.",삼중음성 유방암을 포함한 여러 모델에서 강한 항종양 활성이 보고된 재창출 후보이다.
Breast Cancer,loose,Thioridazine,thioridazine,미지,preclinical,low,도파민 수용체 관련 신호와 암 줄기세포성을 억제할 수 있다.,유방암 줄기세포 표적화와 종양 개시 능력 감소를 보인 전임상 연구가 있다.
Breast Cancer,loose,Pimozide,pimozide,미지,preclinical,low,STAT5 및 줄기세포성 관련 신호를 억제하여 종양 성장과 저항성을 낮출 수 있다.,유방암 세포에서 증식 억제와 병용 시너지 가능성을 보인 전임상 보고가 있다.
Breast Cancer,loose,Verapamil,verapamil,미지,mechanistic,medium,P-glycoprotein 매개 약물배출을 억제하여 다약제내성을 완화할 수 있다.,유방암의 항암제 내성 극복 보조제로 오래전부터 탐색된 대표적 재창출 약물이다.
Breast Cancer,loose,Tamoxifen,tamoxifen,승인,clinical,high,에스트로겐 수용체 조절을 통해 호르몬 의존성 종양 성장을 억제할 수 있다.,"유방암 표준치료로 이미 승인되어 있어 재창출 후보에서 제외 대상이지만, 다른 아형이나 예방 목적의 재평가 맥락에서는 자주 언급된다."
Breast Cancer,loose,Raloxifene,raloxifene,미지,clinical,medium,선택적 에스트로겐 수용체 조절을 통해 유방 조직의 에스트로겐 신호를 감소시킬 수 있다.,유방암 예방 적응증으로 연구되었으나 치료 재창출보다는 예방 영역에 가깝다.
Breast Cancer,loose,Fenofibrate,fenofibrate,미지,preclinical,low,PPARα 활성화를 통해 지질대사 의존성과 증식 신호를 교란할 수 있다.,유방암 세포의 대사 취약성을 겨냥한 전임상 연구에서 항종양 효과가 보고되었다.
Breast Cancer,loose,Sildenafil,sildenafil,미지,speculative,low,cGMP 신호 조절과 종양 미세환경 변화를 통해 면역 및 혈류 관련 효과를 낼 수 있다.,"고형암에서 병용 보조제로 탐색되었고, 유방암에서도 전임상 수준의 가능성이 제시되었다."
Breast Cancer,loose,Valproic acid,valproicacid,중단,clinical,medium,HDAC 억제를 통해 후성유전 조절과 분화 상태를 변화시켜 증식을 억제할 수 있다.,유방암에서 분화 유도와 항암제 감수성 증가를 보인 전임상 및 초기 임상 탐색이 있다.
Breast Cancer,loose,Sertraline,sertraline,미지,preclinical,low,세포 스트레스 반응과 미토콘드리아 기능을 교란하여 종양 세포 생존을 저해할 수 있다.,"항우울제 중 일부가 유방암 세포에서 항증식 효과를 보인 전임상 보고가 있으며, 계열 내 후보로 탐색 가능하다."
HIV Infections,loose,Maraviroc,maraviroc,미지,clinical,high,CCR5를 차단해 HIV의 세포 진입을 억제한다.,"HIV 감염에서 숙주 진입 경로를 직접 차단하는 기전이 명확하며, CCR5 길항제의 개념 검증에 널리 사용되었다."
HIV Infections,loose,Ibalizumab,ibalizumab,승인,clinical,high,CD4에 결합해 HIV의 후속 진입 단계를 방해한다.,"다제내성 HIV에서 이미 임상적으로 항바이러스 활성을 보인 숙주 표적 항체로, 진입 억제 재창출 후보로 적합하다."
HIV Infections,loose,Fostemsavir,fostemsavir,미지,clinical,high,gp120에 결합해 HIV와 CD4의 상호작용을 차단한다.,"HIV 진입 억제 기전이 확립되어 있고, 기존 치료 실패 환자에서 임상 효능이 보고된 약물이다."
HIV Infections,loose,Enfuvirtide,enfuvirtide,승인,clinical,high,gp41 매개 막융합을 억제해 바이러스 진입을 차단한다.,"HIV 융합 억제제로 이미 임상 사용 경험이 있으며, 동일 계열 내 다른 후보보다 재창출 논리가 분명하다."
HIV Infections,loose,Hydroxychloroquine,hydroxychloroquine,미지,preclinical,low,엔도좀 산성화와 당단백질 처리에 영향을 주어 바이러스 진입 및 성숙을 방해할 수 있다.,"세포 수준에서 HIV 복제 억제 가능성이 보고되었고, 숙주 세포 내 환경을 바꾸는 재창출 가설이 있다."
HIV Infections,loose,Chloroquine,chloroquine,효능실패,preclinical,low,엔도좀 pH 조절과 당화 과정 교란을 통해 HIV의 진입과 조립을 저해할 수 있다.,"HIV에 대한 in vitro 억제 보고가 있으며, 면역조절 효과까지 포함한 숙주 표적 재창출 후보로 자주 거론된다."
HIV Infections,loose,Niclosamide,niclosamide,미지,preclinical,low,세포 내 pH 및 여러 신호전달 경로를 교란해 HIV 복제를 억제할 수 있다.,"광범위 항바이러스 후보로 탐색되었고, HIV에서도 복제 억제 신호가 보고된 바 있다."
HIV Infections,loose,Nitazoxanide,nitazoxanide,미지,preclinical,low,숙주 항바이러스 반응을 증강하고 바이러스 단백질 처리 과정을 방해할 수 있다.,광범위 항바이러스 약물로서 HIV 복제 억제 가능성이 전임상 수준에서 제시되었다.
HIV Infections,loose,Disulfiram,disulfiram,미지,clinical,medium,잠복 감염 세포의 바이러스 발현을 유도해 HIV 저장소를 노출시킬 수 있다.,"HIV latency reversal 후보로 연구되었으며, 'shock and kill' 전략의 재창출 약물로 자주 언급된다."
HIV Infections,loose,Valproic acid,valproicacid,미지,clinical,medium,히스톤 탈아세틸화 억제를 통해 잠복 HIV 전사를 유도할 수 있다.,HIV 잠복 저장소 감소를 목표로 한 초기 임상 연구들이 있었던 대표적 epigenetic 재창출 약물이다.
HIV Infections,loose,Vorinostat,vorinostat,미지,clinical,high,HDAC 억제를 통해 잠복 HIV의 전사를 재활성화한다.,HIV latency reversal을 위한 임상 연구에서 실제로 평가된 대표적 재창출 후보이다.
HIV Infections,loose,Romidepsin,romidepsin,미지,clinical,high,강력한 HDAC 억제로 잠복 HIV 발현을 유도한다.,HIV 저장소 활성화 전략에서 강한 latency reversal 효과가 보고된 약물이다.
HIV Infections,loose,Panobinostat,panobinostat,미지,clinical,high,HDAC 억제를 통해 HIV 잠복 상태를 해제할 수 있다.,"HIV latency reversal 임상 연구에서 평가된 바 있으며, 전사 재활성화 후보로 유력하다."
HIV Infections,loose,Bromodomain and extra-terminal motif inhibitor,bromodomainandextraterminalmotifinhibitor,미지,mechanistic,low,염색질 조절을 통해 HIV 전사를 재활성화할 수 있다.,"BET 억제는 HIV latency reversal의 유망한 숙주 표적이지만, 이 범주에서 승인 약물은 제한적이어서 개별 약물 검증이 필요하다."
HIV Infections,loose,Metformin,metformin,미지,speculative,low,AMPK 및 대사 경로를 조절해 HIV 관련 염증과 면역활성화를 완화할 수 있다.,직접 항바이러스제는 아니지만 HIV 감염에서 대사·염증 축을 조절하는 보조 재창출 후보로 탐색될 수 있다.
HIV Infections,loose,Statin,statin,미지,mechanistic,low,콜레스테롤 항상성과 막 미세영역을 변화시켜 HIV 진입 및 조립을 간접적으로 저해할 수 있다.,숙주 지질 대사를 표적하는 접근으로 HIV 복제와 염증을 동시에 낮출 가능성이 제시되어 왔다.
HIV Infections,loose,Doxycycline,doxycycline,미지,speculative,low,염증성 신호와 숙주 전사 환경을 조절해 HIV 복제에 간접 영향을 줄 수 있다.,"직접 항HIV 약물은 아니지만, 숙주 염증 조절을 통한 보조적 재창출 가능성이 논의된다."
HIV Infections,loose,Rapamycin,rapamycin,미지,preclinical,low,mTOR 억제를 통해 T세포 활성화와 바이러스 복제 환경을 변화시킬 수 있다.,면역대사 조절을 통한 HIV 저장소 및 염증 조절 후보로 전임상 수준에서 탐색되었다.
HIV Infections,loose,Propranolol,propranolol,미지,speculative,low,교감신경 신호를 억제해 면역활성화와 HIV 관련 염증 반응을 낮출 수 있다.,직접 항바이러스 효과보다는 숙주 스트레스 축 조절을 통한 보조 재창출 가능성이 있다.
HIV Infections,loose,Auranofin,auranofin,미지,preclinical,medium,산화환원 항상성과 T세포 항상성을 교란해 HIV 저장소 세포를 감소시킬 수 있다.,HIV reservoir 감소를 목표로 한 재창출 연구에서 반복적으로 거론된 금 제제이다.
Ulcerative Colitis,loose,Tofacitinib,tofacitinib,승인,clinical,high,JAK-STAT signaling inhibition may reduce mucosal cytokine-driven inflammation in ulcerative colitis.,"It is already approved for ulcerative colitis, so it is excluded as a repurposing candidate."
Ulcerative Colitis,loose,Upadacitinib,upadacitinib,미지,clinical,high,Selective JAK1 inhibition may suppress inflammatory signaling in colonic mucosa.,"It is already approved for ulcerative colitis, so it is excluded as a repurposing candidate."
Ulcerative Colitis,loose,Ozanimod,ozanimod,미지,clinical,high,S1P receptor modulation may limit lymphocyte trafficking into inflamed bowel tissue.,"It is already approved for ulcerative colitis, so it is excluded as a repurposing candidate."
Ulcerative Colitis,loose,Vedolizumab,vedolizumab,승인,clinical,high,Integrin blockade reduces gut-homing lymphocyte migration to the intestinal mucosa.,"It is already approved for ulcerative colitis, so it is excluded as a repurposing candidate."
Ulcerative Colitis,loose,Infliximab,infliximab,승인,clinical,high,TNF-alpha neutralization dampens proinflammatory signaling and tissue injury.,"It is already approved for ulcerative colitis, so it is excluded as a repurposing candidate."
Ulcerative Colitis,loose,Adalimumab,adalimumab,승인,clinical,high,TNF-alpha neutralization dampens proinflammatory signaling and tissue injury.,"It is already approved for ulcerative colitis, so it is excluded as a repurposing candidate."
Ulcerative Colitis,loose,Golimumab,golimumab,승인,clinical,high,TNF-alpha neutralization dampens proinflammatory signaling and tissue injury.,"It is already approved for ulcerative colitis, so it is excluded as a repurposing candidate."
Ulcerative Colitis,loose,Mesalamine,mesalamine,미지,clinical,high,Topical anti-inflammatory effects in the colonic mucosa reduce local inflammatory mediators.,"It is already approved for ulcerative colitis, so it is excluded as a repurposing candidate."
Ulcerative Colitis,loose,Budesonide,budesonide,미지,clinical,high,Glucocorticoid receptor activation suppresses intestinal inflammation with high first-pass metabolism.,"It is already approved for ulcerative colitis, so it is excluded as a repurposing candidate."
Ulcerative Colitis,loose,Prednisone,prednisone,미지,clinical,high,Systemic glucocorticoid immunosuppression can rapidly reduce inflammatory activity.,"It is already approved for ulcerative colitis, so it is excluded as a repurposing candidate."
Ulcerative Colitis,loose,Azathioprine,azathioprine,승인,clinical,high,Purine synthesis inhibition reduces lymphocyte proliferation and adaptive immune activation.,"It is already approved for ulcerative colitis, so it is excluded as a repurposing candidate."
Ulcerative Colitis,loose,Mercaptopurine,mercaptopurine,미지,clinical,high,Purine synthesis inhibition reduces lymphocyte proliferation and adaptive immune activation.,"It is already approved for ulcerative colitis, so it is excluded as a repurposing candidate."
Ulcerative Colitis,loose,Cyclosporine,cyclosporine,미지,clinical,high,Calcineurin inhibition suppresses T-cell activation and cytokine production.,"It has been used in severe ulcerative colitis, so it is excluded as a repurposing candidate."
Ulcerative Colitis,loose,Tacrolimus,tacrolimus,중단,clinical,high,Calcineurin inhibition suppresses T-cell activation and cytokine production.,"It has been used in ulcerative colitis, so it is excluded as a repurposing candidate."
Ulcerative Colitis,loose,Methotrexate,methotrexate,미지,clinical,medium,Antimetabolite and adenosine-mediated immunomodulation may reduce inflammatory signaling.,"It has been studied in inflammatory bowel disease, but is not a standard ulcerative colitis therapy."
Ulcerative Colitis,loose,Thalidomide,thalidomide,미지,clinical,low,TNF-alpha suppression and broader immunomodulation may attenuate intestinal inflammation.,It has been explored in refractory inflammatory bowel disease and could be repurposed despite toxicity concerns.
Ulcerative Colitis,loose,Apremilast,apremilast,미지,mechanistic,low,PDE4 inhibition may lower proinflammatory cytokine production in the gut.,Its anti-inflammatory mechanism makes it a plausible repurposing candidate for ulcerative colitis.
Ulcerative Colitis,loose,Baricitinib,baricitinib,미지,mechanistic,medium,JAK1/2 inhibition may reduce cytokine signaling relevant to mucosal inflammation.,"JAK inhibition is validated in ulcerative colitis, making related agents plausible repurposing candidates."
Ulcerative Colitis,loose,Filgotinib,filgotinib,승인,mechanistic,medium,Selective JAK1 inhibition may suppress inflammatory pathways in the intestinal mucosa.,"JAK1 biology is strongly implicated in ulcerative colitis, supporting repurposing plausibility."
Ulcerative Colitis,loose,Ruxolitinib,ruxolitinib,미지,speculative,low,JAK1/2 inhibition may dampen cytokine-driven immune activation in colitis.,Its immunomodulatory profile suggests potential utility in ulcerative colitis despite limited direct evidence.
Asthma,loose,Montelukast,montelukast,승인,clinical,high,Leukotriene receptor antagonism may reduce airway inflammation and bronchoconstriction.,"Asthma biology is strongly linked to leukotriene signaling, and montelukast has been explored as an add-on anti-inflammatory strategy beyond its approved uses."
Asthma,loose,Omalizumab,omalizumab,승인,clinical,high,Neutralization of IgE may reduce allergic airway inflammation and exacerbation risk.,"IgE-driven allergic pathways are central in many asthma endotypes, making anti-IgE therapy a direct repurposing concept."
Asthma,loose,Mepolizumab,mepolizumab,승인,clinical,high,IL-5 blockade may suppress eosinophilic airway inflammation.,"Eosinophilic asthma is a major inflammatory subtype, and IL-5 inhibition has been clinically studied in severe asthma."
Asthma,loose,Dupilumab,dupilumab,승인,clinical,high,IL-4/IL-13 pathway inhibition may reduce type 2 airway inflammation and mucus hypersecretion.,"Type 2 cytokine signaling is a key asthma driver, and blocking this axis is a strong repurposing rationale."
Asthma,loose,Benralizumab,benralizumab,미지,clinical,high,IL-5 receptor alpha targeting may deplete eosinophils and reduce airway inflammation.,Eosinophil depletion is relevant to severe eosinophilic asthma and has been tested clinically.
Asthma,loose,Reslizumab,reslizumab,미지,clinical,high,IL-5 neutralization may lower eosinophilic inflammation in the airways.,This is another clinically explored anti-eosinophilic strategy for severe asthma.
Asthma,loose,Tezepelumab,tezepelumab,승인,clinical,high,TSLP blockade may suppress upstream epithelial alarmin signaling and downstream type 2 inflammation.,"Airway epithelial alarmins are implicated in asthma initiation and amplification, supporting upstream cytokine targeting."
Asthma,loose,Azithromycin,azithromycin,효능실패,clinical,medium,Immunomodulatory and anti-inflammatory effects may reduce exacerbations and neutrophilic airway inflammation.,"Macrolides have been studied as add-on therapy in difficult asthma, especially for exacerbation reduction."
Asthma,loose,Roflumilast,roflumilast,미지,mechanistic,medium,PDE4 inhibition may reduce inflammatory cell activation and cytokine release in the airways.,"PDE4 is a plausible anti-inflammatory target in obstructive airway disease, including asthma."
Asthma,loose,Theophylline,theophylline,승인,clinical,high,PDE inhibition and adenosine antagonism may promote bronchodilation and modest anti-inflammatory effects.,"Although older, theophylline has long been used in asthma and remains a mechanistically plausible repurposing candidate in selected settings."
Asthma,loose,Colchicine,colchicine,미지,speculative,low,Microtubule disruption may dampen inflammatory cell trafficking and cytokine release.,Broad anti-inflammatory effects make colchicine a speculative candidate for inflammatory asthma phenotypes.
Asthma,loose,Dapsone,dapsone,미지,speculative,low,Neutrophil-modulating anti-inflammatory activity may help in neutrophilic airway inflammation.,"Neutrophilic asthma is difficult to treat, and dapsone has been considered for inflammatory airway disease because of its neutrophil effects."
Asthma,loose,Metformin,metformin,미지,mechanistic,low,AMPK activation and metabolic reprogramming may reduce airway inflammation and improve steroid responsiveness.,"Metabolic dysfunction is linked to asthma severity, making metformin a plausible repurposing candidate."
Asthma,loose,Atorvastatin,atorvastatin,중단,clinical,medium,Pleiotropic anti-inflammatory effects may reduce airway inflammation and remodeling.,Statins have been investigated for asthma because of their immunomodulatory and anti-remodeling properties.
Asthma,loose,Losartan,losartan,미지,mechanistic,low,Angiotensin II receptor blockade may attenuate airway remodeling and profibrotic signaling.,"Renin-angiotensin signaling has been implicated in airway remodeling, supporting ARB repurposing hypotheses."
Asthma,loose,Propranolol,propranolol,미지,speculative,low,Chronic beta-blockade may induce receptor adaptation and potentially alter airway inflammatory signaling in selected contexts.,"Nonselective beta-blockade is risky in asthma, but low-dose experimental repurposing has been explored mechanistically."
Asthma,loose,N-acetylcysteine,nacetylcysteine,미지,mechanistic,low,Mucolytic and antioxidant effects may reduce oxidative stress and mucus viscosity in the airways.,"Oxidative stress contributes to asthma pathobiology, making antioxidant repurposing biologically plausible."
Asthma,loose,Hydroxychloroquine,hydroxychloroquine,미지,speculative,low,Endosomal and innate immune modulation may reduce antigen presentation and inflammatory signaling.,Immunomodulatory effects suggest a speculative role in allergic or inflammatory asthma phenotypes.
Asthma,loose,Sildenafil,sildenafil,미지,speculative,low,PDE5 inhibition may relax airway smooth muscle and modulate pulmonary vascular tone.,"PDE inhibition is mechanistically relevant to airway tone, though asthma evidence is limited and speculative."
Asthma,loose,Ketotifen,ketotifen,미지,clinical,medium,Mast cell stabilization and antihistaminic activity may reduce allergic airway responses.,"Allergic asthma involves mast cell activation, making ketotifen a plausible repurposing candidate."
Covid19,loose,dexamethasone,dexamethasone,중단,clinical,high,강한 항염증 및 면역억제를 통해 과도한 숙주 염증반응과 폐손상을 줄일 수 있다.,중증 Covid19에서 염증성 사이토카인 반응을 억제해 사망률을 낮춘다는 근거가 있으며 RECOVERY trial로 널리 알려져 있다.
Covid19,loose,baricitinib,baricitinib,미지,clinical,high,JAK1/2 억제를 통해 사이토카인 신호전달과 염증성 면역반응을 완화할 수 있다.,Covid19의 과염증 상태와 연관된 JAK-STAT 경로를 차단하며 ACTT-2와 COV-BARRIER 같은 임상 근거가 있다.
Covid19,loose,tocilizumab,tocilizumab,미지,clinical,high,IL-6 수용체를 차단해 염증성 사이토카인 폭주를 억제한다.,중증 Covid19의 고염증 상태에서 유용성이 보고되었고 RECOVERY 및 REMAP-CAP에서 평가되었다.
Covid19,loose,sarilumab,sarilumab,미지,clinical,medium,IL-6 수용체 차단을 통해 과도한 염증반응을 낮춘다.,tocilizumab과 유사한 기전으로 중증 Covid19에서 면역조절 후보로 연구되었으며 REMAP-CAP에서 평가되었다.
Covid19,loose,anakinra,anakinra,미지,clinical,medium,IL-1 수용체를 차단해 선천면역 기반 염증반응과 조직손상을 줄일 수 있다.,고염증성 Covid19에서 IL-1 축 억제가 유망하다는 보고가 있으며 SAVE-MORE 같은 임상 연구가 있다.
Covid19,loose,colchicine,colchicine,중단,clinical,medium,미세소관 기능과 NLRP3 inflammasome 활성화를 억제해 염증반응을 완화한다.,초기 및 경증 Covid19에서 염증 억제 후보로 여러 임상시험이 수행되었다.
Covid19,loose,fluvoxamine,fluvoxamine,중단,clinical,medium,sigma-1 receptor 조절과 항염증 효과를 통해 초기 질환 악화를 줄일 수 있다.,초기 Covid19에서 입원 진행을 줄일 가능성이 제기되었고 TOGETHER trial 등에서 평가되었다.
Covid19,loose,nitazoxanide,nitazoxanide,미지,clinical,medium,바이러스 복제 및 숙주 세포 내 단백질 처리 과정을 교란해 항바이러스 효과를 낼 수 있다.,광범위 항바이러스 약물로서 SARS-CoV-2에 대한 in vitro 및 임상 탐색이 이루어졌다.
Covid19,loose,ivermectin,ivermectin,중단,clinical,low,숙주 수송 단백질 의존 과정을 방해해 바이러스 복제를 억제할 가능성이 있다.,SARS-CoV-2에 대한 전임상 및 임상 탐색이 매우 많이 이루어졌으나 결과는 일관되지 않았다.
Covid19,loose,lopinavir,lopinavir,중단,clinical,low,바이러스 단백질분해효소를 억제해 복제를 저해할 수 있다.,초기 SARS-CoV-2 치료 후보로 평가되었고 기전상 코로나바이러스 단백분해효소 억제를 기대했다.
Covid19,loose,ritonavir,ritonavir,승인,clinical,low,약물대사 억제를 통해 병용 항바이러스제의 노출을 높이거나 일부 프로테아제 억제 효과를 기대할 수 있다.,단독보다는 병용 맥락에서 Covid19 후보로 탐색되었으며 protease inhibitor 계열의 대표 약물이다.
Covid19,loose,remdesivir,remdesivir,미지,clinical,low,RNA 의존성 RNA 중합효소를 억제해 바이러스 복제를 차단한다.,"SARS-CoV-2에 대해 직접 항바이러스 활성이 입증되어 이미 승인된 약물이지만, 표준치료 범주를 제외해야 하므로 재창출 후보로는 경계선에 있다."
Covid19,loose,favipiravir,favipiravir,미지,clinical,medium,RNA 중합효소 억제를 통해 바이러스 복제를 저해한다.,인플루엔자 치료제로 승인된 뒤 Covid19에서 재창출 후보로 광범위하게 시험되었다.
Covid19,loose,camostat,camostat,효능실패,clinical,medium,TMPRSS2를 억제해 바이러스 스파이크 단백질 활성화와 세포 진입을 방해한다.,숙주 세포 진입 단계 차단 전략으로 SARS-CoV-2에 대해 전임상 및 임상 탐색이 이루어졌다.
Covid19,loose,aprepitant,aprepitant,중단,mechanistic,low,substance P/NK1 receptor 축을 조절해 염증성 신경면역 반응을 완화할 수 있다.,Covid19의 염증 및 호흡기 증상 조절 후보로 제안되었고 기전상 재창출 가능성이 논의되었다.
Covid19,loose,losartan,losartan,효능실패,mechanistic,low,RAAS 조절을 통해 ACE2 관련 폐혈관 손상과 염증을 완화할 가능성이 있다.,SARS-CoV-2의 ACE2 경로와 연관된 숙주 반응 조절 후보로 초기부터 많이 탐색되었다.
Covid19,loose,atorvastatin,atorvastatin,미지,mechanistic,low,항염증 및 내피기능 개선 효과로 Covid19의 혈관염증과 합병증을 줄일 수 있다.,statin 계열은 면역조절과 항혈전 효과 때문에 Covid19 재창출 후보로 자주 제안되었다.
Covid19,loose,aspirin,aspirin,미지,mechanistic,low,혈소판 응집 억제와 항염증 효과로 혈전성 합병증을 줄일 수 있다.,Covid19의 혈전염증성 병태생리에 대응하는 후보로 널리 검토되었다.
Covid19,loose,dipyridamole,dipyridamole,중단,preclinical,low,항혈소판 및 항염증 효과와 함께 바이러스 복제 환경을 불리하게 만들 수 있다.,SARS-CoV-2에 대한 전임상 항바이러스 신호와 혈전 예방 가능성 때문에 재창출 후보로 제안되었다.
Idiopathic Pulmonary Fibrosis,loose,Nintedanib,nintedanib,승인,clinical,high,"Tyrosine kinase inhibition reduces fibroblast proliferation, migration, and profibrotic signaling.","Already approved for idiopathic pulmonary fibrosis, so it is excluded as a repurposing candidate."
Idiopathic Pulmonary Fibrosis,loose,Pirfenidone,pirfenidone,승인,clinical,high,Antifibrotic and anti-inflammatory effects reduce TGF-beta–driven collagen deposition.,"Already approved for idiopathic pulmonary fibrosis, so it is excluded as a repurposing candidate."
Schizophrenia,loose,Minocycline,minocycline,미지,clinical,medium,Microglial inhibition and anti-inflammatory effects may reduce neuroinflammation implicated in schizophrenia.,Small clinical studies and meta-analyses have explored adjunctive minocycline for negative and cognitive symptoms in schizophrenia.
Schizophrenia,loose,Celecoxib,celecoxib,미지,clinical,medium,COX-2 inhibition may dampen inflammatory signaling associated with symptom severity and cognitive dysfunction.,"Adjunctive celecoxib has been tested in schizophrenia trials, with signals particularly in early-stage or inflammatory subgroups."
Schizophrenia,loose,N-acetylcysteine,nacetylcysteine,미지,clinical,medium,Glutathione replenishment and redox modulation may improve oxidative stress and glutamatergic dysregulation.,Multiple randomized studies have evaluated N-acetylcysteine as adjunctive therapy for negative symptoms and cognition in schizophrenia.
Schizophrenia,loose,Memantine,memantine,중단,clinical,medium,NMDA receptor antagonism may normalize glutamatergic imbalance and downstream excitotoxicity.,"Memantine has been studied as an adjunct in schizophrenia, especially for negative symptoms and cognition."
Schizophrenia,loose,Lamotrigine,lamotrigine,미지,clinical,medium,Glutamate release modulation via sodium channel blockade may help address glutamatergic abnormalities.,"Adjunctive lamotrigine has been investigated in schizophrenia, with interest in treatment-resistant and negative symptoms."
Schizophrenia,loose,Topiramate,topiramate,미지,clinical,medium,Broad glutamatergic dampening and GABAergic enhancement may influence affective and cognitive symptoms.,"Topiramate has been explored as an adjunct in schizophrenia, including for weight gain and symptom control."
Schizophrenia,loose,Sodium benzoate,benzoate,미지,clinical,medium,D-amino acid oxidase inhibition may increase D-serine and enhance NMDA receptor function.,"Clinical studies have examined sodium benzoate as an adjunct for schizophrenia, with interest in negative symptoms and cognition."
Schizophrenia,loose,Sarcosine,sarcosine,미지,clinical,medium,Glycine transporter-1 inhibition may enhance NMDA receptor co-agonism.,"Sarcosine has been studied in schizophrenia as a glutamatergic adjunct, particularly for negative symptoms."
Schizophrenia,loose,D-cycloserine,dcycloserine,미지,clinical,low,Partial agonism at the NMDA receptor glycine site may modulate glutamatergic signaling.,"D-cycloserine has been tested in schizophrenia, though results have been mixed and context-dependent."
Schizophrenia,loose,Glycine,glycine,중단,clinical,medium,NMDA receptor co-agonism may improve hypofunction of glutamatergic transmission.,"Glycine has been evaluated as an adjunct in schizophrenia, especially for negative symptoms."
Schizophrenia,loose,Omega-3-acid ethyl esters,omegaacidethylesters,미지,clinical,low,Membrane and anti-inflammatory effects may influence neurodevelopmental and inflammatory pathways.,"Omega-3 supplementation has been studied in schizophrenia, including early psychosis and symptom prevention contexts."
Schizophrenia,loose,Aspirin,aspirin,미지,clinical,low,Anti-inflammatory and antiplatelet effects may reduce inflammatory contributions to psychosis.,"Adjunctive aspirin has been investigated in schizophrenia, with some studies suggesting benefit in inflammatory subgroups."
Schizophrenia,loose,Simvastatin,simvastatin,미지,clinical,low,Pleiotropic anti-inflammatory and endothelial effects may improve neuroinflammation and metabolic burden.,"Statins, including simvastatin, have been tested as adjuncts in schizophrenia with mixed results."
Schizophrenia,loose,Atorvastatin,atorvastatin,미지,clinical,low,Anti-inflammatory and lipid-modulating effects may indirectly affect brain and metabolic pathways relevant to schizophrenia.,Atorvastatin has been explored in schizophrenia trials as an adjunctive anti-inflammatory strategy.
Schizophrenia,loose,Raloxifene,raloxifene,미지,clinical,medium,Selective estrogen receptor modulation may enhance dopaminergic and cognitive regulation.,"Raloxifene has been studied as an adjunct in schizophrenia, particularly in postmenopausal women and for negative symptoms."
Schizophrenia,loose,Estradiol,estradiol,미지,clinical,medium,Estrogenic modulation may improve dopamine signaling and neuroprotection.,"Adjunctive estradiol has been investigated in schizophrenia, especially in women with persistent symptoms."
Schizophrenia,loose,Progesterone,progesterone,미지,mechanistic,low,Neurosteroid effects may modulate GABAergic and stress-related pathways.,"Progesterone-related approaches have been explored in schizophrenia, though evidence is limited and mixed."
Schizophrenia,loose,Donepezil,donepezil,중단,clinical,low,Acetylcholinesterase inhibition may improve cognitive deficits and attentional processing.,Donepezil has been tested for cognitive symptoms in schizophrenia with mixed findings.
Schizophrenia,loose,Modafinil,modafinil,중단,clinical,low,Wake-promoting catecholaminergic modulation may improve negative symptoms and cognition.,"Modafinil has been studied as an adjunct in schizophrenia for fatigue, cognition, and negative symptoms."
Schizophrenia,loose,Propranolol,propranolol,미지,clinical,low,Beta-adrenergic blockade may reduce arousal-related exacerbation of psychotic symptoms and akathisia-related distress.,"Propranolol has been used adjunctively in schizophrenia, though evidence for core symptom benefit is limited."
Hypercholesterolemia,loose,colchicine,colchicine,미지,clinical,medium,NLRP3 inflammasome and neutrophil-mediated vascular inflammation을 억제해 atherosclerotic inflammation burden를 낮출 수 있다.,"심혈관 염증 감소와 사건 감소를 시사한 COLCOT, LoDoCo2 같은 임상 근거가 있어 지질 이상 동반 죽상경화 위험 감소 보조 후보로 볼 수 있다."
Hypercholesterolemia,loose,canakinumab,canakinumab,미지,clinical,medium,IL-1β를 중화해 염증성 죽상경화 진행을 완화할 수 있다.,"CANTOS에서 심혈관 사건 감소가 관찰되어, 고콜레스테롤혈증 자체보다는 염증-죽상경화 축을 겨냥한 재창출 후보로 적합하다."
Hypercholesterolemia,loose,methotrexate,methotrexate,미지,clinical,low,adenosine signaling 증가와 면역세포 증식을 억제해 혈관 염증을 낮출 수 있다.,"전반적 심혈관 보호는 일관되지 않았지만, 염증성 죽상경화 조절 관점에서 재창출 후보로 검토될 수 있다."
Hypercholesterolemia,loose,hydroxychloroquine,hydroxychloroquine,미지,mechanistic,low,TLR signaling과 lysosomal function을 조절해 대식세포 염증 반응과 foam cell 형성을 줄일 수 있다.,"자가면역질환에서 장기 사용 경험이 풍부하고, 지질 대사 및 염증 경로에 영향을 줄 가능성이 있어 후보로 고려된다."
Hypercholesterolemia,loose,pioglitazone,pioglitazone,미지,clinical,medium,PPARγ 활성화를 통해 인슐린 저항성과 혈관 염증을 완화하고 atherogenic dyslipidemia를 개선할 수 있다.,대사증후군과 당뇨에서 지질 프로파일 및 염증 개선이 알려져 있어 고콜레스테롤혈증 관련 위험 감소 후보가 될 수 있다.
Hypercholesterolemia,loose,bezafibrate,bezafibrate,승인,clinical,medium,PPARα를 활성화해 triglyceride를 낮추고 HDL 관련 지질 대사를 개선할 수 있다.,"이상지질혈증 전반을 조절하는 오래된 약물로, LDL 중심 질환에는 제한적이지만 혼합형 고지혈증 재창출 후보가 된다."
Hypercholesterolemia,loose,fenofibrate,fenofibrate,승인,clinical,medium,PPARα 활성화를 통해 VLDL 생산을 줄이고 지질 산화를 촉진할 수 있다.,"주로 고중성지방혈증에 쓰이지만, 동반 이상지질혈증에서 보조적 후보로 고려 가능하다."
Hypercholesterolemia,loose,gemfibrozil,gemfibrozil,미지,clinical,medium,PPARα를 통해 triglyceride-rich lipoprotein을 감소시키고 HDL을 증가시킬 수 있다.,LDL 저하 효과는 제한적이지만 혼합형 이상지질혈증에서 재창출 가능성이 있다.
Hypercholesterolemia,loose,niacin,niacin,미지,clinical,low,hepatic VLDL synthesis를 억제하고 HDL을 증가시켜 지질 프로파일을 개선할 수 있다.,"심혈관 사건 개선 근거는 약하지만, 지질 조절 기전상 고콜레스테롤혈증 보조 후보로 남아 있다."
Hypercholesterolemia,loose,bempedoic acid,bempedoicacid,승인,clinical,high,ATP citrate lyase를 억제해 hepatic cholesterol synthesis를 감소시킨다.,"이미 지질강하제로 승인된 약이지만, 다른 적응증에서 재창출 관점으로는 LDL 저하 기전이 명확하다."
Hypercholesterolemia,loose,ezetimibe,ezetimibe,승인,clinical,high,NPC1L1을 억제해 intestinal cholesterol absorption을 감소시킨다.,"장내 콜레스테롤 흡수 억제라는 명확한 기전으로, 다른 질환에서의 재창출보다는 병용 보조 후보로도 해석 가능하다."
Hypercholesterolemia,loose,probucol,probucol,승인,clinical,medium,LDL 산화와 lipoprotein turnover를 조절해 atherogenic lipoprotein burden를 낮출 수 있다.,과거 이상지질혈증 치료 경험이 있고 항산화 작용이 있어 재창출 후보로 검토 가능하다.
Hypercholesterolemia,loose,lomitapide,lomitapide,승인,clinical,high,microsomal triglyceride transfer protein을 억제해 apoB-containing lipoprotein 생성을 감소시킨다.,"가족성 고콜레스테롤혈증에서 사용되지만, 매우 강한 apoB-lipoprotein 억제 기전 때문에 다른 적응증 재창출 후보로도 고려된다."
Hypercholesterolemia,loose,mipomersen,mipomersen,승인,clinical,high,apoB mRNA를 억제해 LDL particle production을 감소시킨다.,"LDL 생성 억제 기전이 직접적이며, 희귀 적응증 경험을 바탕으로 재창출 후보로 볼 수 있다."
Hypercholesterolemia,loose,rosuvastatin,rosuvastatin,승인,clinical,high,HMG-CoA reductase를 억제해 hepatic cholesterol synthesis를 감소시킨다.,"표준치료이지만, 다른 적응증에서의 재창출 후보군을 넓게 잡을 때 가장 강력한 LDL 저하 기전 약물이다."
Hypercholesterolemia,loose,atorvastatin,atorvastatin,승인,clinical,high,HMG-CoA reductase 억제를 통해 LDL receptor expression을 증가시킨다.,"표준치료이지만, 기전상 가장 확립된 콜레스테롤 저하 약물로 다른 질환 재창출 문맥에서 자주 고려된다."
Hypercholesterolemia,loose,simvastatin,simvastatin,승인,clinical,high,HMG-CoA reductase 억제를 통해 cholesterol biosynthesis를 낮춘다.,오래된 statin으로 광범위한 임상 경험이 있어 재창출 후보 풀에 포함될 수 있다.
Hypercholesterolemia,loose,pravastatin,pravastatin,승인,clinical,high,HMG-CoA reductase 억제를 통해 LDL clearance를 증가시킨다.,상대적으로 약하지만 안전성 경험이 풍부해 재창출 후보로 고려 가능하다.
Hypercholesterolemia,loose,fluvastatin,fluvastatin,승인,clinical,high,HMG-CoA reductase 억제를 통해 hepatic cholesterol synthesis를 감소시킨다.,"statin 계열의 대표 약물로, 다른 적응증에서의 재창출 가능성을 폭넓게 생각할 때 포함될 수 있다."
Hypercholesterolemia,loose,pitavastatin,pitavastatin,승인,clinical,high,HMG-CoA reductase 억제를 통해 LDL cholesterol를 낮추고 pleiotropic vascular effects를 낼 수 있다.,"임상적으로 승인된 statin이며, 혈관 염증 및 지질 개선의 다면적 효과를 기대할 수 있다."
Crohn's Disease,loose,Tofacitinib,tofacitinib,미지,mechanistic,low,JAK-STAT signaling을 억제해 염증성 사이토카인 신호를 낮출 것으로 본다.,염증성 장질환에서 면역세포 활성과 사이토카인 네트워크를 줄이는 기전이 Crohn's Disease의 염증 축과 맞닿아 있다.
Crohn's Disease,loose,Upadacitinib,upadacitinib,미지,clinical,medium,JAK1 선택적 억제로 Th1/Th17 관련 염증 반응을 감소시킬 것으로 본다.,장 점막 염증에서 JAK1 매개 신호가 중요해 Crohn's Disease의 염증 조절 후보로 그럴듯하다.
Crohn's Disease,loose,Filgotinib,filgotinib,미지,clinical,medium,JAK1 억제를 통해 염증성 사이토카인 전달을 차단할 것으로 본다.,면역매개 염증 질환에서 JAK1 억제는 장 점막 염증 완화와 연결될 수 있다.
Crohn's Disease,loose,Ozanimod,ozanimod,미지,clinical,medium,S1P 수용체 조절로 림프구의 장 조직 유입을 줄일 것으로 본다.,림프구 trafficking 억제는 장관 염증의 세포 유입을 낮추는 전략으로 Crohn's Disease에 기전상 타당하다.
Crohn's Disease,loose,Fingolimod,fingolimod,미지,mechanistic,low,S1P 수용체 기능적 길항으로 림프구 순환을 억제할 것으로 본다.,면역세포의 장 점막 침윤을 줄이는 접근은 Crohn's Disease의 염증 억제에 기여할 수 있다.
Crohn's Disease,loose,Apremilast,apremilast,미지,mechanistic,low,PDE4 억제로 cAMP를 증가시켜 염증성 사이토카인 생성을 낮출 것으로 본다.,"TNF, IL-23 축을 포함한 염증 매개체 감소가 Crohn's Disease의 점막 염증 완화에 도움이 될 수 있다."
Crohn's Disease,loose,Thalidomide,thalidomide,미지,clinical,medium,TNF-α 생성과 T세포 활성화를 억제해 장 염증을 줄일 것으로 본다.,난치성 염증성 장질환에서 면역조절 효과가 보고되어 Crohn's Disease 재창출 후보로 자주 거론된다.
Crohn's Disease,loose,Lenalidomide,lenalidomide,미지,speculative,low,면역조절을 통해 TNF-α 및 염증성 T세포 반응을 낮출 것으로 본다.,thalidomide 계열의 면역조절 특성이 장 염증 억제에 기전상 연결될 수 있다.
Crohn's Disease,loose,Tacrolimus,tacrolimus,미지,clinical,medium,calcineurin 억제로 T세포 활성과 IL-2 생성을 감소시킬 것으로 본다.,강한 T세포 억제 효과가 난치성 장 염증의 단기 조절에 도움이 될 수 있다.
Crohn's Disease,loose,Cyclosporine,cyclosporine,미지,mechanistic,low,calcineurin 억제를 통해 T세포 매개 염증 반응을 줄일 것으로 본다.,면역세포 활성 억제는 Crohn's Disease의 염증성 병태생리에 기전상 부합한다.
Crohn's Disease,loose,Sirolimus,sirolimus,미지,mechanistic,low,mTOR 억제로 T세포 증식과 염증성 면역반응을 낮출 것으로 본다.,mTOR 경로는 면역세포 대사와 활성에 관여해 장 염증 조절 후보가 될 수 있다.
Crohn's Disease,loose,Everolimus,everolimus,미지,speculative,low,mTOR 억제를 통해 면역세포 증식과 염증 신호를 감소시킬 것으로 본다.,sirolimus와 유사한 면역대사 조절 기전이 Crohn's Disease 염증 억제에 그럴듯하다.
Crohn's Disease,loose,Metformin,metformin,미지,preclinical,low,AMPK 활성화와 NF-kB 억제를 통해 염증 반응과 장내 대사 이상을 완화할 것으로 본다.,대사-면역 연결 축을 조절해 장 점막 염증과 장내 미생물 환경에 영향을 줄 수 있다.
Crohn's Disease,loose,Rosuvastatin,rosuvastatin,미지,mechanistic,low,면역조절 및 항염 효과로 NF-kB 매개 염증을 낮출 것으로 본다.,statin 계열의 항염 작용이 장 점막 염증 감소에 기여할 가능성이 있다.
Crohn's Disease,loose,Atorvastatin,atorvastatin,미지,speculative,low,염증성 신호전달과 내피 활성화를 억제해 장 염증을 완화할 것으로 본다.,전신 항염 효과가 Crohn's Disease의 면역 활성 저하에 연결될 수 있다.
Crohn's Disease,loose,Colchicine,colchicine,미지,mechanistic,low,미세소관 억제를 통해 호중구 이동과 inflammasome 활성화를 줄일 것으로 본다.,선천면역 과활성 억제는 장 점막 염증이 두드러진 Crohn's Disease에서 기전상 타당하다.
Crohn's Disease,loose,Dapsone,dapsone,미지,speculative,low,호중구 기능과 산화성 염증 반응을 억제할 것으로 본다.,호중구 중심 염증을 낮추는 작용이 일부 Crohn's Disease 표현형에 도움이 될 수 있다.
Crohn's Disease,loose,Pentoxifylline,pentoxifylline,미지,mechanistic,low,TNF-α 생성 억제와 미세순환 개선을 통해 염증을 줄일 것으로 본다.,염증성 사이토카인 감소가 장 점막 손상 완화에 기여할 수 있다.
Crohn's Disease,loose,Naltrexone,naltrexone,중단,clinical,low,저용량에서 면역조절과 내인성 오피오이드 경로 변화를 통해 염증을 낮출 것으로 본다.,면역 항상성 조절이 Crohn's Disease 증상 및 점막 염증에 영향을 줄 가능성이 있다.
Crohn's Disease,loose,Budesonide,budesonide,승인,clinical,medium,국소 glucocorticoid 작용으로 장 점막 염증을 억제할 것으로 본다.,이미 다른 염증성 질환에 승인된 스테로이드로서 장관 국소 항염 효과가 강하다.
