nct,kind,drug,condition,verdict,confidence,reason,n_support,n_refute,primary_completion
NCT03568890,진행중,"Rivaroxaban, dabigatran, apixaban, or edoxaban",Left Atrial Appendage Closure,보류,50,증거 없음 — 판정 근거 부족,0,0,2025-08-01
NCT04598230,진행중,Cognitive Behavioral Therapy (CBT),"Anxiety, Separation",유망,98,강한 지지·명백한 반박 없음 · 상한 적용,9,0,2025-08-31
NCT05607550,진행중,"furmonertinib 240 mg oral, daily",Metastatic Non-Small Cell Lung Cancer,기각,0,F0: 문헌 근거 없음(환각),0,0,2025-08-15
NCT04877691,진행중,Medi-546,Systemic Lupus Erythematosus,보류,50,증거 없음 — 판정 근거 부족,0,0,2025-08-22
NCT05619653,진행중,Prednisolone,COVID-19 Associated Cardiac Involvement,보류,50,증거 없음 — 판정 근거 부족,0,0,2025-08-08
NCT05824923,진행중,Pulmonary arterial denervation,Pulmonary Hypertension,유망,98,강한 지지·명백한 반박 없음 · 상한 적용,6,0,2025-08-27
NCT05997264,진행중,AV7909 Full Dose (0.5 mL),Anthrax,기각,0,F0: 문헌 근거 없음(환각),0,0,2025-08-28
NCT04787341,진행중,Regorafenib,Colorectal Cancer,유망,96,강한 지지·명백한 반박 없음,2,0,2025-08-07
NCT06523764,진행중,tegoprazan,Helicobacter Pylori Infection Chronic Gastrit,보류,50,약물은 실재하나 질환 연결 문헌 0건 — 판단 근거 없음(신규성 신호일 수 있음),0,0,2025-08-01
NCT05913037,진행중,"Test group (Group A): FCN-159 8 mg, orally, once daily;",Neurofibromatosis 1,기각,0,F0: 문헌 근거 없음(환각),0,0,2025-08-19
NCT04963946,진행중,Stop ACA,Untreated Chronic Lymphocytic Leukemia,보류,50,약물은 실재하나 질환 연결 문헌 0건 — 판단 근거 없음(신규성 신호일 수 있음),0,0,2025-08-01
NCT02530697,진행중,Meglumine antimoniate,Leishmaniasis,유망,97,강한 지지·명백한 반박 없음,7,0,2025-08
NCT06000462,진행중,Dapagliflozin 10mg Tab,Obesity,기각,0,F0: 문헌 근거 없음(환각),0,0,2025-08-30
NCT05706389,진행중,Ca-AKG,Aging,보류,50,증거 없음 — 판정 근거 부족,0,0,2025-08-15
NCT06018883,진행중,Ascorbate,Metastatic Pancreatic Adenocarcinoma,유망,81,강한 지지·명백한 반박 없음,2,1,2025-08-15
NCT05567458,진행중,Luspatercept,Beta-thalassemia,유망,98,강한 지지·명백한 반박 없음 · 상한 적용,6,0,2025-08-01
NCT06564311,진행중,Obexelimab,Relapsing Multiple Sclerosis,보류,50,약물은 실재하나 질환 연결 문헌 0건 — 판단 근거 없음(신규성 신호일 수 있음),0,0,2025-08-28
NCT05464381,진행중,allo-APZ2-OTS,Epidermolysis Bullosa,기각,0,F0: 문헌 근거 없음(환각),0,0,2025-08-29
NCT04968106,진행중,Doxorubicin,Resectable Sarcoma,보류,50,증거 없음 — 판정 근거 부족,0,0,2025-08-06
NCT04520490,진행중,Family Based Behavioral Treatment,Childhood Obesity,유망,98,강한 지지·명백한 반박 없음 · 상한 적용,2,0,2025-08-21
NCT06679075,진행중,Full pulpotomy using propolis and bioceramic putty,Irreversible Pulpitis,기각,0,F0: 문헌 근거 없음(환각),0,0,2025-08
NCT05869903,진행중,Orforglipron,Obesity,유망,98,강한 지지·명백한 반박 없음 · 상한 적용,7,0,2025-07-25
NCT02489890,진행중,Cytokine-induced Killer Cells,Urinary Bladder Neoplasms,보류,50,증거 없음 — 판정 근거 부족,0,0,2025-07
NCT06372496,진행중,Fluticasone furoate/umeclidinium bromide/vilanterol trifenatate,Asthma,보류,50,약물은 실재하나 질환 연결 문헌 0건 — 판단 근거 없음(신규성 신호일 수 있음),0,0,2025-07-28
NCT04544449,진행중,Fenebrutinib,"Multiple Sclerosis, Primary Progressive",보류,53,근거 엇갈림(확증 임상 실패 포함) → 확증 임상 권고,1,0,2025-09-17
NCT06360458,진행중,Methylprednisolone sodium succinate,Acute Ischemic Stroke,보류,53,근거 엇갈림(확증 임상 실패 포함) → 확증 임상 권고,2,0,2025-09-30
NCT05502341,진행중,Bictegravir,HIV-1-infection,유망,98,강한 지지·명백한 반박 없음 · 상한 적용,7,0,2025-09-29
NCT04810078,진행중,Nivolumab and rHuPH20,Clear Cell Renal Cell Carcinoma,보류,50,약물은 실재하나 질환 연결 문헌 0건 — 판단 근거 없음(신규성 신호일 수 있음),0,0,2025-07-29
NCT05748600,진행중,Dexpramipexole Dihydrochloride,Eosinophilic Asthma,기각,0,F0: 문헌 근거 없음(환각),0,0,2025-09
NCT05083169,진행중,Daratumumab,Multiple Myeloma,유망,98,강한 지지·명백한 반박 없음 · 상한 적용,7,0,2025-09-15
NCT04790370,진행중,Anticoagulation with heparin,Pulmonary Embolism,유망,95,강한 지지·명백한 반박 없음,1,0,2025-07-31
NCT05071716,진행중,Rifaximin SSD,Hepatic Encephalopathy,유망,81,강한 지지·명백한 반박 없음,1,0,2025-09
NCT06042478,진행중,Remibrutinib,Chronic Spontaneous Urticaria,유망,98,강한 지지·명백한 반박 없음 · 상한 적용,5,0,2025-09-17
NCT04946734,진행중,PFO closure device,PFO - Patent Foramen Ovale,유망,98,강한 지지·명백한 반박 없음 · 상한 적용,9,0,2025-09-06
NCT04409236,진행중,Quit2Heal,Hematopoietic and Lymphoid System Neoplasm,보류,50,약물은 실재하나 질환 연결 문헌 0건 — 판단 근거 없음(신규성 신호일 수 있음),0,0,2025-09-11
NCT06046729,진행중,Eltrekibart,Hidradenitis Suppurativa,보류,71,근거 엇갈림(확증 임상 실패 포함) → 확증 임상 권고,1,0,2025-09-30
NCT05023980,진행중,Pirtobrutinib,Chronic Lymphocytic Leukemia,유망,98,강한 지지·명백한 반박 없음 · 상한 적용,8,0,2025-07-11
NCT06280716,진행중,Lebrikizumab,Atopic Dermatitis,유망,98,강한 지지·명백한 반박 없음 · 상한 적용,8,0,2025-09-25
NCT04840342,진행중,Eplerenone,Hypertension,유망,96,강한 지지·명백한 반박 없음,4,0,2025-09-15
NCT04521153,진행중,Camrelizumab,Hepatocellular Carcinoma,유망,98,강한 지지·명백한 반박 없음 · 상한 적용,6,0,2025-07-31
NCT06569420,진행중,Drug: Foritinib Succinate,Non-Small Cell Lung Cancer,보류,64,근거 엇갈림(확증 임상 실패 포함) → 확증 임상 권고,1,0,2025-07-31
NCT04640623,진행중,TAR-200,Urinary Bladder Neoplasms,유망,92,강한 지지·명백한 반박 없음,2,0,2025-07-03
NCT04067726,진행중,Denosumab,Dense Breasts,보류,50,약물은 실재하나 질환 연결 문헌 0건 — 판단 근거 없음(신규성 신호일 수 있음),0,0,2025-09-17
NCT04950075,진행중,INBRX-109,Conventional Chondrosarcoma,보류,53,근거 엇갈림(확증 임상 실패 포함) → 확증 임상 권고,1,0,2025-09-30
NCT03164057,진행중,Azacitidine,Acute Myeloid Leukemia,유망,98,강한 지지·명백한 반박 없음 · 상한 적용,4,0,2025-09-20
NCT05980481,진행중,RC48-ADC（2.5mg/kg）,Gastric Cancer,기각,0,F0: 문헌 근거 없음(환각),0,0,2025-07-10
NCT06290349,진행중,DA5221-T1,Type 2 Diabetes,기각,0,F0: 문헌 근거 없음(환각),0,0,2025-09-05
NCT04227483,진행중,Deflazacort,Allergic Bronchopulmonary Aspergillosis,보류,50,약물은 실재하나 질환 연결 문헌 0건 — 판단 근거 없음(신규성 신호일 수 있음),0,0,2025-07
NCT06920576,진행중,Esketamine,Chronic Rhinosinusitis,보류,50,약물은 실재하나 질환 연결 문헌 0건 — 판단 근거 없음(신규성 신호일 수 있음),0,0,2025-07-01
NCT03948789,진행중,Magnetic Resonance Imaging-controlled high-focussed ultrasound therapy,Uterine Fibroids,보류,50,약물은 실재하나 질환 연결 문헌 0건 — 판단 근거 없음(신규성 신호일 수 있음),0,0,2025-09
NCT06106828,진행중,Satralizumab,Thyroid Eye Disease,보류,50,증거 없음 — 판정 근거 부족,0,0,2025-07-24
NCT03092323,진행중,Pembrolizumab,Soft Tissue Sarcoma of the Extremity,보류,63,근거 엇갈림(확증 임상 실패 포함) → 확증 임상 권고,2,0,2025-09-01
NCT04440735,진행중,DSP107,Advanced Solid Tumor,보류,50,약물은 실재하나 질환 연결 문헌 0건 — 판단 근거 없음(신규성 신호일 수 있음),0,0,2025-09
NCT02867865,진행중,Gemcitabine,Gall Bladder Cancers,보류,50,증거 없음 — 판정 근거 부족,0,0,2025-09-10
NCT06079281,진행중,ALXN1850,Hypophosphatasia,보류,50,증거 없음 — 판정 근거 부족,0,0,2025-07-09
NCT05733546,진행중,Psilocybin,Major Depressive Disorder,유망,98,강한 지지·명백한 반박 없음 · 상한 적용,7,0,2025-09
NCT03348150,진행중,Cytoreductive surgery + Gastrecomy,Stomach Neoplasm,기각,0,F0: 문헌 근거 없음(환각),0,0,2025-09-17
NCT05923866,진행중,ONO-2808,Multiple System Atrophy (MSA),보류,50,약물은 실재하나 질환 연결 문헌 0건 — 판단 근거 없음(신규성 신호일 수 있음),0,0,2025-09-15
NCT05970289,진행중,PEG-IFNα,Chronic Hepatitis B Virus Infection,유망,98,강한 지지·명백한 반박 없음 · 상한 적용,6,0,2025-07-16
NCT02979873,진행중,Sirolimus,Severe Aplastic Anemia,기각,15,반박 우세 (지지 1건 w=0.06 · 반박 1건 w=1.80),1,1,2025-09-04
,음성대조,Medi-546,Pulmonary Hypertension,보류,50,증거 없음 — 판정 근거 부족,0,0,
,음성대조,allo-APZ2-OTS,Atopic Dermatitis,기각,0,F0: 문헌 근거 없음(환각),0,0,
,음성대조,Satralizumab,Relapsing Multiple Sclerosis,보류,50,증거 없음 — 판정 근거 부족,0,0,
,음성대조,Cytoreductive surgery + Gastrecomy,Leishmaniasis,기각,0,F0: 문헌 근거 없음(환각),0,0,
,음성대조,INBRX-109,Resectable Sarcoma,보류,50,약물은 실재하나 질환 연결 문헌 0건 — 판단 근거 없음(신규성 신호일 수 있음),0,0,
,음성대조,Doxorubicin,Pulmonary Embolism,보류,50,증거 없음 — 판정 근거 부족,0,0,
,음성대조,Stop ACA,Childhood Obesity,보류,50,약물은 실재하나 질환 연결 문헌 0건 — 판단 근거 없음(신규성 신호일 수 있음),0,0,
,음성대조,Psilocybin,Allergic Bronchopulmonary Aspergillosis,보류,50,약물은 실재하나 질환 연결 문헌 0건 — 판단 근거 없음(신규성 신호일 수 있음),0,0,
,음성대조,ONO-2808,Severe Aplastic Anemia,보류,50,약물은 실재하나 질환 연결 문헌 0건 — 판단 근거 없음(신규성 신호일 수 있음),0,0,
,음성대조,INBRX-109,Stomach Neoplasm,보류,50,약물은 실재하나 질환 연결 문헌 0건 — 판단 근거 없음(신규성 신호일 수 있음),0,0,
,음성대조,Family Based Behavioral Treatment,"Multiple Sclerosis, Primary Progressive",보류,50,약물은 실재하나 질환 연결 문헌 0건 — 판단 근거 없음(신규성 신호일 수 있음),0,0,
,음성대조,Pulmonary arterial denervation,Helicobacter Pylori Infection Chronic Gastrit,보류,50,약물은 실재하나 질환 연결 문헌 0건 — 판단 근거 없음(신규성 신호일 수 있음),0,0,
,음성대조,Ascorbate,Acute Myeloid Leukemia,보류,51,근거 엇갈림(확증 임상 실패 포함) → 확증 임상 권고,3,0,
,음성대조,ONO-2808,Urinary Bladder Neoplasms,보류,50,약물은 실재하나 질환 연결 문헌 0건 — 판단 근거 없음(신규성 신호일 수 있음),0,0,
,음성대조,Pirtobrutinib,Epidermolysis Bullosa,보류,50,약물은 실재하나 질환 연결 문헌 0건 — 판단 근거 없음(신규성 신호일 수 있음),0,0,
,음성대조,Prednisolone,Eosinophilic Asthma,보류,56,근거 엇갈림(확증 임상 실패 포함) → 확증 임상 권고,1,0,
,음성대조,Cytokine-induced Killer Cells,Obesity,보류,50,증거 없음 — 판정 근거 부족,0,0,
,음성대조,"furmonertinib 240 mg oral, daily",Hypophosphatasia,기각,0,F0: 문헌 근거 없음(환각),0,0,
,음성대조,Pirtobrutinib,Type 2 Diabetes,보류,50,약물은 실재하나 질환 연결 문헌 0건 — 판단 근거 없음(신규성 신호일 수 있음),0,0,
,음성대조,Denosumab,Stomach Neoplasm,보류,50,증거 없음 — 판정 근거 부족,0,0,
