번호,약물,질환,출처,자료원,연구유형,GRADE,인용문,사람_방향,사람_메모
1,alprostadil,Pulmonary Hypertension,Eur J Heart Fail,논문,trial,,"This study demonstrates the efficacy and safety of PG-E(1) in lowering PHT in heart transplant candidates, as well as the need for aggressive evaluation and treatment in these patients.",support,
2,perhexiline,Hypertrophic Cardiomyopathy,Br J Clin Pharmacol,논문,rct,,Perhexiline is a prophylactic anti-anginal drug which is increasingly also used in the treatment of heart failure and hypertrophic cardiomyopathy.,Neutral,
3,sunitinib,Malignant neoplasm of breast,Breast Cancer Res Treat,논문,rct,high,No statistical evidence supported the hypothesis that sunitinib improved PFS compared with capecitabine (one-sided P = 0.999).,Refute,
4,fingolimod,Multiple Sclerosis Primary Progressive,CNS Drugs,논문,other,,"For PPMS, ocrelizumab had an ICER of US$648,799/QALY compared with supportive care.",Neutral,
5,rupatadine,Allergic rhinitis,Allergol Int,논문,rct,high,"Rupatadine 10 and 20 mg were significantly superior to placebo in improving nasal and ocular symptoms of SAR, and were well tolerated.",Support,
6,meloxicam,Degenerative polyarthritis,ClinicalTrials.gov,등록부,rct,high,The pain in subjects with osteoarthritis was measured using the Western Ontario and McMaster Universities Osteoarthritis Index (WOMAC) pain subscale score.,Neutral,
7,cefamandole,Bacterial sepsis,Antimicrob Agents Chemother,논문,rct,,"Of 199 patients receiving 20 to more doses of an aminoglycoside and having serial determination of serum creatinines, nephrotoxicity developed in seven (3.5%) given any of the four combinations.",Neutral,
8,cyproheptadine,Allergic Conjunctivitis,Allergy,논문,rct,,"A significant improvement (p less than 0.01) in allergy symptoms was observed from the third day for both drugs; there was no significant difference between drugs, although loratadine led to a greater",Neutral,
9,rupatadine,Allergic rhinitis,Pediatr Allergy Immunol,논문,rct,high,Rupatadine oral solution (1 mg/ml) was significantly more effective than placebo in reducing nasal symptoms at 4 and 6 wk and was well tolerated overall.,Support,
10,dexmedetomidine,Dementia,ClinicalTrials.gov,등록부,rct,,Dexmedetomidine in the Treatment of Agitation Associated With Dementia (TRANQUILITY II),Neutral,
11,benzylpenicillin,Gonococcal joint infection,Best Pract Res Clin Rheumatol,논문,review,,"Penicillin resistance has developed worldwide in recent years, and penicillin is no longer the initially recommended antibiotic for gonococcal arthritis.",Refute,
12,dexmedetomidine,Dementia,ClinicalTrials.gov,등록부,rct,,Sub-Lingual Dexmedetomidine in Agitation Associated With Dementia,Neutral,
13,bevacizumab,Myelofibrosis,Cancer Invest,논문,case,,Bevacizumab may be active in myelofibrosis.,Support,
14,rupatadine,Allergic rhinitis,Curr Med Res Opin,논문,meta,high,"Data synthesis showed that rupatadine is superior to placebo in relieving the overall allergy symptoms on reflective (SMD: -0.37, 95% CI -0.46 to -0.27; p < 0.00001) and instantaneous (SMD: -0.41, 95%",Support,
15,basiliximab,Ulcerative Colitis,Scand J Gastroenterol,논문,meta,high,Basiliximab did not enhance corticosteroid efficacy.,Refute,
16,sunitinib,Malignant neoplasm of breast,Clin Breast Cancer,논문,rct,high,"Median PFS was shorter with sunitinib-paclitaxel (7.4 vs. 9.2 months; hazard ratio [HR] 1.63 [95% confidence interval (CI), 1.18-2.25]; 1-sided P = .999).",Refute,
17,olanzapine,Major Depressive Disorder,Curr Psychiatry Rep,논문,review,,"Although the manic or hypomanic episodes define the disorder, the depressions are more numerous and less responsive to treatment.",Neutral,
18,podophyllotoxin,Condylomata Acuminata,Sex Transm Infect,논문,rct,high,CONCLUSIONS: Self treatment of anogenital warts with podophyllotoxin showed greater efficacy and cost effectiveness than clinic based treatment with podophyllin.,Support,
19,doxycycline,Idiopathic Pulmonary Fibrosis,Respir Res,논문,meta,high,"Among the study group, 402 and 126 patients received co-trimoxazole and doxycycline, respectively.",Neutral,
20,zonisamide,Lewy Body Disease,Parkinsonism Relat Disord,논문,rct,high,CONCLUSION: Daily administration of 25- or 50-mg zonisamide significantly improved motor function compared with placebo; both doses were safe and well tolerated in patients with DLB.,Support,
21,warfarin,Idiopathic Pulmonary Fibrosis,Adv Ther,논문,rct,,"Use of several concomitant CV medications, including warfarin, did not appear to adversely impact pirfenidone's beneficial effect on efficacy outcomes.",Neutral,
22,dexmedetomidine,Dementia,J Int Med Res,논문,rct,,Dexmedetomidine given before induction of anesthesia could reduce the risk of postoperative cognitive dysfunction and might not decrease rSO2.,Neutral,
23,pramipexole,Amyotrophic Lateral Sclerosis,Lancet Neurol,논문,rct,high,Our trial can inform the design of future clinical research strategies in amyotrophic lateral sclerosis.,Neutral,
24,meloxicam,Degenerative polyarthritis,Scand J Rheumatol,논문,rct,high,Once daily meloxicam 7.5 and 15 mg is effective and well tolerated in the short term symptomatic treatment of OA of the knee.,Support,
